-- MySQL dump 10.13  Distrib 5.6.22, for osx10.9 (x86_64)
--
-- Host: 127.0.0.1    Database: workshop
-- ------------------------------------------------------
-- Server version	5.6.26

/*!40101 SET @OLD_CHARACTER_SET_CLIENT=@@CHARACTER_SET_CLIENT */;
/*!40101 SET @OLD_CHARACTER_SET_RESULTS=@@CHARACTER_SET_RESULTS */;
/*!40101 SET @OLD_COLLATION_CONNECTION=@@COLLATION_CONNECTION */;
/*!40101 SET NAMES utf8 */;
/*!40103 SET @OLD_TIME_ZONE=@@TIME_ZONE */;
/*!40103 SET TIME_ZONE='+00:00' */;
/*!40014 SET @OLD_UNIQUE_CHECKS=@@UNIQUE_CHECKS, UNIQUE_CHECKS=0 */;
/*!40014 SET @OLD_FOREIGN_KEY_CHECKS=@@FOREIGN_KEY_CHECKS, FOREIGN_KEY_CHECKS=0 */;
/*!40101 SET @OLD_SQL_MODE=@@SQL_MODE, SQL_MODE='NO_AUTO_VALUE_ON_ZERO' */;
/*!40111 SET @OLD_SQL_NOTES=@@SQL_NOTES, SQL_NOTES=0 */;

--
-- Table structure for table `persons`
--

DROP TABLE IF EXISTS `persons`;
/*!40101 SET @saved_cs_client     = @@character_set_client */;
/*!40101 SET character_set_client = utf8 */;
CREATE TABLE `persons` (
  `id` int(11) unsigned NOT NULL AUTO_INCREMENT,
  `firstName` varchar(100) DEFAULT NULL,
  `lastName` varchar(100) DEFAULT NULL,
  `gender` enum('male','female') DEFAULT NULL,
  `address` varchar(200) DEFAULT NULL,
  `dob` date DEFAULT NULL,
  PRIMARY KEY (`id`)
) ENGINE=InnoDB AUTO_INCREMENT=6 DEFAULT CHARSET=utf8;
/*!40101 SET character_set_client = @saved_cs_client */;

--
-- Dumping data for table `persons`
--

LOCK TABLES `persons` WRITE;
/*!40000 ALTER TABLE `persons` DISABLE KEYS */;
INSERT INTO `persons` VALUES (1,'Airi','Satou','female','Tokyo','1964-03-04'),(2,'Garrett','Winters','male','Tokyo','1988-09-02'),(3,'John','Doe','male','Kansas','1972-11-02'),(4,'Tatyana','Fitzpatrick','male','London','1989-01-01'),(5,'Quinn','Flynn','male','Edinburgh','1977-03-24');
/*!40000 ALTER TABLE `persons` ENABLE KEYS */;
UNLOCK TABLES;

--
-- Table structure for table `tmst_prodi`
--

DROP TABLE IF EXISTS `tmst_prodi`;
/*!40101 SET @saved_cs_client     = @@character_set_client */;
/*!40101 SET character_set_client = utf8 */;
CREATE TABLE `tmst_prodi` (
  `id` int(11) unsigned NOT NULL DEFAULT '0',
  `kode_prodi` varchar(100) DEFAULT NULL,
  `nama` varchar(255) DEFAULT NULL,
  `status` varchar(100) DEFAULT NULL,
  `jenjang` varchar(100) DEFAULT NULL,
  `dosen_tetap` varchar(100) DEFAULT NULL,
  `mahasiswa` varchar(100) DEFAULT NULL,
  `rasio_dosen_mhs` varchar(100) DEFAULT NULL,
  `kode_pt` varchar(100) DEFAULT NULL,
  PRIMARY KEY (`id`),
  KEY `kode_prodi` (`kode_prodi`),
  KEY `kode_pt` (`kode_pt`),
  KEY `nama` (`nama`)
) ENGINE=InnoDB DEFAULT CHARSET=latin1;
/*!40101 SET character_set_client = @saved_cs_client */;

--
-- Dumping data for table `tmst_prodi`
--

LOCK TABLES `tmst_prodi` WRITE;
/*!40000 ALTER TABLE `tmst_prodi` DISABLE KEYS */;
INSERT INTO `tmst_prodi` VALUES (1515,'54001','Ilmu Pertanian','Aktif','S3','1','5','1 : 5','001010  '),(1516,'95105','Administrasi Pembangunan                                                        ','Aktif','S2','7','5','1 : 0.7','001010  '),(1517,'54104','Agronomi                                                                        ','Aktif','S2','5','21','1 : 4.2','001010  '),(1518,'54102','Ekonomi Pertanian                                                               ','Aktif','S2','5','37','1 : 7.4','001010  '),(1519,'63111','Ilmu Administrasi Bisnis                                                        ','Aktif','S2','7','51','1 : 7.3','001010  '),(1520,'63101','Ilmu Administrasi Publik                                                        ','Aktif','S2','4','27','1 : 6.8','001010  '),(1521,'60101','Ilmu Ekonomi                                                                    ','Aktif','S2','5','45','1 : 9','001010  '),(1522,'74101','Ilmu Hukum                                                                      ','Aktif','S2','10','50','1 : 5','001010  '),(1523,'54151','Ilmu Kehutanan                                                                  ','Aktif','S2','4','9','1 : 2.3','001010  '),(1524,'13101     ','Ilmu Kesehatan Masyarakat ','Aktif','S2','0','24','1 : 0','001010  '),(1525,'65101','Ilmu Pemerintahan                                                               ','Aktif','S2','6','9','1 : 1.5','001010  '),(1526,'54141','Ilmu Perikanan                                                                  ','Aktif','S2','7','44','1 : 6.3','001010  '),(1527,'84101     ','Keguruan  Ilmu Pengetahuan Alam ','Aktif','S2','0','0','1 : 0','001010  '),(1528,'85101     ','Keguruan Olahraga','Aktif','S2','0','0','1 : 0','001010  '),(1529,'74102','Kenotariatan                                                                    ','Aktif','S2','0','59','1 : 0','001010  '),(1530,'61101','Manajemen                                                                       ','Aktif','S2','9','80','1 : 8.9','001010  '),(1531,'86104','Manajemen Pendidikan                                                            ','Aktif','S2','4','3','1 : 0.8','001010  '),(1532,'88101','Pendidikan Bahasa Dan Sastra Indonesia                                          ','Aktif','S2','5','60','1 : 12','001010  '),(1533,'84105','Pendidikan Biologi                                                              ','Aktif','S2','6','2','1 : 0.3','001010  '),(1534,'86107     ','Pendidikan Guru Pendidikan Anak Usia Dini ','Aktif','S2','0','0','1 : 0','001010  '),(1535,'87120','Pendidikan IPS                                                                  ','Aktif','S2','6','58','1 : 9.7','001010  '),(1536,'95101','Pengelolaan Sumberdaya Alam & Lingkungan                                        ','Aktif','S2','7','69','1 : 9.9','001010  '),(1537,'22101','Teknik Sipil                                                                    ','Aktif','S2','8','40','1 : 5','001010  '),(1538,'54201','Agribisnis                                                                      ','Aktif','S1','25','486','1 : 19.4','001010  '),(1539,'54245','Agrobisnis Perikanan                                                            ','Aktif','S1','12','94','1 : 7.8','001010  '),(1540,'54211','Agroekoteknologi                                                                ','Aktif','S1','40','5','1 : 0.1','001010  '),(1541,'62201','Akuntansi                                                                       ','Aktif','S1','27','203','1 : 7.5','001010  '),(1542,'23201','Arsitektur                                                                      ','Aktif','S1','22','275','1 : 12.5','001010  '),(1543,'86201','Bimbingan Konseling                                                             ','Aktif','S1','5','199','1 : 39.8','001010  '),(1544,'46201','Biologi                                                                         ','Aktif','S1','16','149','1 : 9.3','001010  '),(1545,'54243','Budidaya Perairan                                                               ','Aktif','S1','20','95','1 : 4.8','001010  '),(1546,'60201','Ekonomi Pembangunan                                                             ','Aktif','S1','19','275','1 : 14.5','001010  '),(1547,'48201','Farmasi                                                                         ','Aktif','S1','14','358','1 : 25.6','001010  '),(1548,'45201','Fisika                                                                          ','Aktif','S1','18','136','1 : 7.6','001010  '),(1549,'74235','Hukum Administrasi Negara                                                       ','Hapus','S1','0','0','1 : 0','001010  '),(1550,'63211','Ilmu Administrasi Bisnis                                                        ','Aktif','S1','12','196','1 : 16.3','001010  '),(1551,'63201','Ilmu Administrasi Publik                                                        ','Aktif','S1','15','1','1 : 0.1','001010  '),(1552,'74201','Ilmu Hukum                                                                      ','Aktif','S1','53','1.233','1 : 23.3','001010  '),(1553,'54241','Ilmu Kelautan                                                                   ','Aktif','S1','9','63','1 : 7','001010  '),(1554,'14201','Ilmu Keperawatan                                                                ','Aktif','S1','9','201','1 : 22.3','001010  '),(1555,'57201','Ilmu Komputer                                            ','Aktif','S1','11','302','1 : 27.5','001010  '),(1556,'70201','Ilmu Komunikasi                                                                 ','Aktif','S1','10','187','1 : 18.7','001010  '),(1557,'65201','Ilmu Pemerintahan                                                               ','Aktif','S1','16','247','1 : 15.4','001010  '),(1558,'54294','Ilmu Tanah                                                                      ','Aktif','S1','14','13','1 : 0.9','001010  '),(1559,'54251','Kehutanan                                                                       ','Aktif','S1','67','284','1 : 4.2','001010  '),(1560,'13201','Kesehatan Masyarakat                                                            ','Aktif','S1','18','208','1 : 11.6','001010  '),(1561,'47201','Kimia                                                                           ','Aktif','S1','19','179','1 : 9.4','001010  '),(1562,'61201','Manajemen                                                                       ','Aktif','S1','34','530','1 : 15.6','001010  '),(1563,'54242','Manajemen Sumber Daya Perairan                                                  ','Aktif','S1','12','66','1 : 5.5','001010  '),(1564,'44201','Matematika                                                                      ','Aktif','S1','16','194','1 : 12.1','001010  '),(1565,'54246','Pemanfaatan Sumber Daya Perikanan                                               ','Aktif','S1','6','34','1 : 5.7','001010  '),(1566,'88201','Pendidikan Bahasa Dan Sastra Indonesia                                          ','Aktif','S1','10','281','1 : 28.1','001010  '),(1567,'88203','Pendidikan Bahasa Inggris                                                       ','Aktif','S1','20','604','1 : 30.2','001010  '),(1568,'84205','Pendidikan Biologi                                                              ','Aktif','S1','12','307','1 : 25.6','001010  '),(1569,'11201','Pendidikan Dokter                                                               ','Aktif','S1','66','332','1 : 5','001010  '),(1570,'12201','Pendidikan Dokter Gigi                                                          ','Aktif','S1','18','54','1 : 3','001010  '),(1571,'87203','Pendidikan Ekonomi                                                              ','Aktif','S1','14','328','1 : 23.4','001010  '),(1572,'84203','Pendidikan Fisika                                                               ','Aktif','S1','9','24','1 : 2.7','001010  '),(1573,'87202','Pendidikan Geografi                                                             ','Aktif','S1','12','347','1 : 28.9','001010  '),(1574,'86207','Pendidikan Guru Pendidikan Anak Usia Dini                                       ','Aktif','S1','7','365','1 : 52.1','001010  '),(1575,'86206','Pendidikan Guru Sekolah Dasar                                                   ','Aktif','S1','14','715','1 : 51.1','001010  '),(1576,'83207     ','Pendidikan Ilmu Komputer','Aktif','S1','0','0','1 : 0','001010  '),(1577,'84206     ','Pendidikan IPA','Aktif','S1','0','0','1 : 0','001010  '),(1578,'84207     ','Pendidikan IPS','Aktif','S1','0','0','1 : 0','001010  '),(1579,'85201','Pendidikan Jasmani, Kesehatan & Rekreasi                                        ','Aktif','S1','19','477','1 : 25.1','001010  '),(1580,'84204','Pendidikan Kimia                                                                ','Aktif','S1','18','297','1 : 16.5','001010  '),(1581,'86202','Pendidikan Luar Biasa                                                           ','Aktif','S1','4','1','1 : 0.3','001010  '),(1582,'84202','Pendidikan Matematika                                                           ','Aktif','S1','20','444','1 : 22.2','001010  '),(1583,'87205','Pendidikan Pancasila Dan Kewarganegaraan                                        ','Aktif','S1','11','215','1 : 19.5','001010  '),(1584,'87201','Pendidikan Sejarah                                                              ','Aktif','S1','11','201','1 : 18.3','001010  '),(1585,'88209','Pendidikan Seni Drama, Tari Dan Musik                                           ','Aktif','S1','2','1','1 : 0.5','001010  '),(1586,'87204','Pendidikan Sosiologi Dan Antropologi                                            ','Aktif','S1','9','359','1 : 39.9','001010  '),(1587,'54231','Peternakan                                                                      ','Aktif','S1','11','75','1 : 6.8','001010  '),(1588,'86209','PJJ Pendidikan Guru Sekolah Dasar                                               ','Aktif','S1','0','313','1 : 0','001010  '),(1589,'73201','Psikologi                                                                       ','Aktif','S1','13','237','1 : 18.2','001010  '),(1590,'88271','PSKGJ Pendidikan Bahasa dan Sastra Indonesia dan Daerah                         ','Hapus','S1','0','0','1 : 0','001010  '),(1591,'88273','PSKGJ Pendidikan Bahasa Inggris                                                 ','Hapus','S1','0','0','1 : 0','001010  '),(1592,'84275','PSKGJ Pendidikan Biologi                                                        ','Hapus','S1','0','0','1 : 0','001010  '),(1593,'87273','PSKGJ Pendidikan Ekonomi                                                        ','Hapus','S1','0','0','1 : 0','001010  '),(1594,'84273','PSKGJ Pendidikan Fisika                                                         ','Hapus','S1','0','0','1 : 0','001010  '),(1595,'86276','PSKGJ Pendidikan Guru Sekolah Dasar(PGSD)                                       ','Hapus','S1','0','0','1 : 0','001010  '),(1596,'84274','PSKGJ Pendidikan Kimia                                                          ','Hapus','S1','0','0','1 : 0','001010  '),(1597,'84272','PSKGJ Pendidikan Matematika                                                     ','Hapus','S1','0','0','1 : 0','001010  '),(1598,'87275','PSKGJ Pendidikan Pancasila dan Kewarganegaraan                                  ','Hapus','S1','0','0','1 : 0','001010  '),(1599,'87271','PSKGJ Pendidikan Sejarah                                                        ','Hapus','S1','0','0','1 : 0','001010  '),(1600,'69201     ','Sosiologi ','Aktif','S1','0','0','1 : 0','001010  '),(1601,'55201     ','Teknik Informatika','Aktif','S1','0','0','1 : 0','001010  '),(1602,'24201','Teknik Kimia                                                                    ','Aktif','S1','15','107','1 : 7.1','001010  '),(1603,'25201','Teknik Lingkungan                                                               ','Aktif','S1','11','199','1 : 18.1','001010  '),(1604,'21201','Teknik Mesin                                                                    ','Aktif','S1','11','163','1 : 14.8','001010  '),(1605,'31201','Teknik Pertambangan                                                             ','Aktif','S1','9','433','1 : 48.1','001010  '),(1606,'22201','Teknik Sipil                                                                    ','Aktif','S1','50','203','1 : 4.1','001010  '),(1607,'54244','Teknologi Hasil Perikanan                                                       ','Aktif','S1','13','44','1 : 3.4','001010  '),(1608,'41211','Teknologi Industri Pertanian                                                    ','Aktif','S1','11','90','1 : 8.2','001010  '),(1609,'86203     ','Teknologi Pendidikan ','Aktif','S1','0','0','1 : 0','001010  '),(1610,'62901','Profesi Akuntan                                                                 ','Aktif','Profesi','4','47','1 : 11.8','001010  '),(1611,'11901','Profesi Dokter                                                                  ','Aktif','Profesi','1','1','1 : 1','001010  '),(1612,'12901     ','Profesi Dokter Gigi','Aktif','Profesi','0','0','1 : 0','001010  '),(1613,'14901','Profesi Ners                                                                    ','Aktif','Profesi','0','15','1 : 0','001010  '),(1614,'62401','Akuntansi                                                                       ','Aktif','D3','6','262','1 : 43.7','001010  '),(1615,'48404     ','Analis Farmasi dan Makanan ','Aktif','D3','0','47','1 : 0','001010  '),(1616,'63421','Perpajakan                                                                      ','Aktif','D3','6','100','1 : 16.7','001010  ');
/*!40000 ALTER TABLE `tmst_prodi` ENABLE KEYS */;
UNLOCK TABLES;

--
-- Table structure for table `tmst_prodi_dosen`
--

DROP TABLE IF EXISTS `tmst_prodi_dosen`;
/*!40101 SET @saved_cs_client     = @@character_set_client */;
/*!40101 SET character_set_client = utf8 */;
CREATE TABLE `tmst_prodi_dosen` (
  `id` int(11) unsigned NOT NULL DEFAULT '0',
  `nama` varchar(255) DEFAULT NULL,
  `gelar` varchar(100) DEFAULT NULL,
  `pendidikan` varchar(100) DEFAULT NULL,
  `kode_prodi` varchar(100) DEFAULT NULL,
  `kode_pt` varchar(100) DEFAULT NULL,
  `id_prodi` int(11) DEFAULT NULL,
  PRIMARY KEY (`id`),
  KEY `kode_pt` (`kode_pt`),
  KEY `kode_prodi` (`kode_prodi`),
  KEY `id_prodi` (`id_prodi`)
) ENGINE=InnoDB DEFAULT CHARSET=latin1;
/*!40101 SET character_set_client = @saved_cs_client */;

--
-- Dumping data for table `tmst_prodi_dosen`
--

LOCK TABLES `tmst_prodi_dosen` WRITE;
/*!40000 ALTER TABLE `tmst_prodi_dosen` DISABLE KEYS */;
INSERT INTO `tmst_prodi_dosen` VALUES (16227,'PUDJI ANDAYANI','Sp.A Dr','Sp-1','54001','001010  ',1515),(16228,'SUPRIJANTO','  Ir','S3','95105','001010  ',1516),(16229,'SYAKRANI','Dr Drs','S3','95105','001010  ',1516),(16230,'TAUFIK HIDAYAT','M.Si M.Si Ir','S3','95105','001010  ',1516),(16231,'MUKHTAR SARMAN','M.Si Drs','S2','95105','001010  ',1516),(16232,'BAMBANG ABIMANYU','  Dr','S2','95105','001010  ',1516),(16233,'TAUFIK ARBAIN','M.Si S.Sos','S2','95105','001010  ',1516),(16234,'AULIA',' S.Sos','S2','95105','001010  ',1516),(16235,'HAKIMAH HALIM','','S3','54104','001010  ',1517),(16236,'GUSTI RUSMAYADI','Dr M.Si Ir','S3','54104','001010  ',1517),(16237,'RAIHANI WAHDAH','Dr  Ir','S3','54104','001010  ',1517),(16238,'RODINAH',' Ir','S2','54104','001010  ',1517),(16239,'RAHMI ZULHIDIANI',' Ir','S2','54104','001010  ',1517),(16240,'NURI DEWI YANTI','Ph.D Ir','S3','54102','001010  ',1518),(16241,'ARTAHNAN AID',' Ir','S2','54102','001010  ',1518),(16242,'ABDURRAHMAN',' Ir','S2','54102','001010  ',1518),(16243,'SADIK IKHSAN',' Ir','S2','54102','001010  ',1518),(16244,'KAMILIAH WILDA','M.P Ir','S2','54102','001010  ',1518),(16245,'SALADIN GHALIB','Dr  ','S3','63111','001010  ',1519),(16246,'EMY RAHMAWATI','Dr M.P Ir','S3','63111','001010  ',1519),(16247,'YUDI FERRIANTA','Dr  M.P S.P','S3','63111','001010  ',1519),(16248,'IRWANSYAH','M.Si S.Sos','S2','63111','001010  ',1519),(16249,'TAHARUDDIN','M.M. S.Sos','S2','63111','001010  ',1519),(16250,'SETIO UTOMO',' S.Sos','S2','63111','001010  ',1519),(16251,'NOOR HIDAYATI',' S.Sos','S2','63111','001010  ',1519),(16252,'MUHAMMAD SAPI I','M.Si','S3','63101','001010  ',1520),(16253,'MUHAMMAD NORDIN IDERAM',' Drs','S2','63101','001010  ',1520),(16254,'SURIADI SUTIYO','M.Si Drs','S2','63101','001010  ',1520),(16255,'NURUL AZKAR',' Drs','S2','63101','001010  ',1520),(16256,'MUHAMMAD HANDRY IMANSYAH',' Dr','S3','60101','001010  ',1521),(16257,'RUSDIANSYAH',' Drs','S2','60101','001010  ',1521),(16258,'DEWI RAHAYU','M.P S.E.','S2','60101','001010  ',1521),(16259,'MUZDALIFAH','M.Si S.E.','S2','60101','001010  ',1521),(16260,'KHAIRI PAHLEVI','M.Si S.Pi','S2','60101','001010  ',1521),(16261,'ABDURRAHMAN','Dr  S.H.','S3','74101','001010  ',1522),(16262,'MUHAMMAD HADIN MUHJAD','Dr M.Hum S.H.','S3','74101','001010  ',1522),(16263,'NIRMALA SARI','  S.H.','S3','74101','001010  ',1522),(16264,'ABDUL HALIM BARKATULLAH','','S3','74101','001010  ',1522),(16265,'AKHMAD CHADARI AEDY',' S.H.','S2','74101','001010  ',1522),(16266,'F A ABBY',' S.H.','S2','74101','001010  ',1522),(16267,'MAHYUNI',' S.H.','S2','74101','001010  ',1522),(16268,'DJONI SUMARDI GOZALI',' S.H.','S2','74101','001010  ',1522),(16269,'ICHSAN ANWARY',' S.H.','S2','74101','001010  ',1522),(16270,'YULIA QAMARIYANTI',' S.H.','S2','74101','001010  ',1522),(16271,'MUHAMMAD RUSLAN','Dr M.Si Ir','S3','54151','001010  ',1523),(16272,'YUDI FIRMANUL ARIFIN','M.Sc Ir','S3','54151','001010  ',1523),(16273,'YAN PIETER THEO',' Ir','S2','54151','001010  ',1523),(16274,'VIOLET','M.P Ir','S2','54151','001010  ',1523),(16275,'ASMAJI DARMAWI','Dr M.M. Drs','S3','65101','001010  ',1525),(16276,'MUSLIH AMBERI','M.Si M.Si Drs','S3','65101','001010  ',1525),(16277,'JAMALUDDIN','M.P S.Sos','S2','65101','001010  ',1525),(16278,'TRI WINDARI','S.IP S.IP','S2','65101','001010  ',1525),(16279,'NETTY HERAWATY','M.Si S.IP','S2','65101','001010  ',1525),(16280,'HEREYANTO',' S.Sos','S2','65101','001010  ',1525),(16281,'IDIANNOR MAHYUDIN','Dr M.Si Ir','S3','54141','001010  ',1526),(16282,'EMMY SRI MAHREDA','Dr  Ir','S3','54141','001010  ',1526),(16283,'YUSPIHANA FITRIAL','Dr M.P ','S3','54141','001010  ',1526),(16284,'TAISUFI ZAINUDDIN',' Ir','S2','54141','001010  ',1526),(16285,'SYAMSUL ARIFIN','','S2','54141','001010  ',1526),(16286,'DJASMANI HISBI','M.Sc Ir','S2','54141','001010  ',1526),(16287,'MUHAMMAD ADRIANI','M.Si','S2','54141','001010  ',1526),(16288,'MARIJATI SANGEN',' M.M. Dra','S3','61101','001010  ',1530),(16289,'MUHAMMAD RIZA FIRDAUS',' M.M. S.E.','S3','61101','001010  ',1530),(16290,'LAILA REFIANA SAID',' M.Si S.E.','S3','61101','001010  ',1530),(16291,'ADE ADRIANI',' M.Si S.E.','S3','61101','001010  ',1530),(16292,'NURIL HUDA','Dr  S.E.','S3','61101','001010  ',1530),(16293,'HASTIN UMI ANISAH',' M.M. S.E.','S3','61101','001010  ',1530),(16294,'MEINA WULANSARI YUSNIAR','M.Si M.Si S.E.','S3','61101','001010  ',1530),(16295,'ZAKHYADI ARIFFIN','M.Si Drs','S2','61101','001010  ',1530),(16296,'AHMAD','M.Si S.E.','S2','61101','001010  ',1530),(16297,'MUHAMMAD SALEH','Dr Drs','S3','86104','001010  ',1531),(16298,'SULAIMAN','M.Pd Drs','S2','86104','001010  ',1531),(16299,'MUHAMMAD FAUZI',' S.H.','S2','86104','001010  ',1531),(16300,'AHMAD SURIANSYAH',' Drs','S2','86104','001010  ',1531),(16301,'ZULKIFLI','M.Pd Drs','S3','88101','001010  ',1532),(16302,'JUMADI','Dr M.Pd Drs','S3','88101','001010  ',1532),(16303,'MOHAMMAD FATAH YASIN','Dr M.Pd Drs','S3','88101','001010  ',1532),(16304,'MUHAMMAD RAFIEK',' M.Si ','S3','88101','001010  ',1532),(16305,'ZAKIAH AGUS KUSASI',' Dra','S2','88101','001010  ',1532),(16306,'MUHAMMAD ZAINI','','S3','84105','001010  ',1533),(16307,'MOCHAMMAD ARIEF SOENDJOTO','Dr Ir','S3','84105','001010  ',1533),(16308,'ASRI LESTARI','M.Pd','S2','84105','001010  ',1533),(16309,'SRI AMINTARTI','','S2','84105','001010  ',1533),(16310,'AMINUDDIN PRAHATAMA PUTRA','','S2','84105','001010  ',1533),(16311,'DHARMONO','M.Si','S2','84105','001010  ',1533),(16312,'WAHYU','Dr','S3','87120','001010  ',1535),(16313,'SURATNO','M.Pd','S3','87120','001010  ',1535),(16314,'HERRY PORDA NUGROHO PUTRO',' Drs','S3','87120','001010  ',1535),(16315,'DWI ATMONO',' ','S3','87120','001010  ',1535),(16316,'MUHAMMAD ARIFIN ANIS','M.Hum Drs','S2','87120','001010  ',1535),(16317,'NORAMALI','M.M. Dra','S2','87120','001010  ',1535),(16318,'ATHAILLAH MURSYID','Dr  Ir','S3','95101','001010  ',1536),(16319,'EKO RINI INDRAYATIE',' M.P Ir','S3','95101','001010  ',1536),(16320,'MAHFUDZ SHIDDIEQ',' Drs','S2','95101','001010  ',1536),(16321,'DARNI SUBARI',' Ir','S2','95101','001010  ',1536),(16322,'LUSITA WARDANI','M.P Ir','S2','95101','001010  ',1536),(16323,'UMI BAROROH LILI UTAMI','','S2','95101','001010  ',1536),(16324,'RINA MUSTIKA','M.P ','S2','95101','001010  ',1536),(16325,'FATHURRAZIE SHADIQ','Dr M.T Ir','S3','22101','001010  ',1537),(16326,'RUSDI HA','M.Sc Ir','S3','22101','001010  ',1537),(16327,'ROBERTUS CHANDRAWIDJAJA',' Ir','S2','22101','001010  ',1537),(16328,'SJAIFUL BAHRI','M.T Ir','S2','22101','001010  ',1537),(16329,'NORMAN RUSLAN','M.T Ir','S2','22101','001010  ',1537),(16330,'HENRY WARDHANA','M.T Ir','S2','22101','001010  ',1537),(16331,'MUHAMMAD ARSYAD','M.T S.T','S2','22101','001010  ',1537),(16332,'IPHAN FITRIAN RADAM','M.T S.T','S2','22101','001010  ',1537),(16333,'AKHMAD RIZALI','M.Sc Ir','S3','54201','001010  ',1538),(16334,'MUHAMMAD HUSAINI',' ','S3','54201','001010  ',1538),(16335,'LUTHFI FATAH','  Ir','S3','54201','001010  ',1538),(16336,'MUHAMMAD FAUZI','Dr  Ir','S3','54201','001010  ',1538),(16337,'PARLUHUTAN DOLOK SARIBU',' Ir','S2','54201','001010  ',1538),(16338,'FARDIANAH MUKHYAR',' Ir','S2','54201','001010  ',1538),(16339,'ABDULLAH DJAFAR',' Ir','S2','54201','001010  ',1538),(16340,'ABDUSSAMAD',' Drs','S2','54201','001010  ',1538),(16341,'HAIRIN FAJERI','','S2','54201','001010  ',1538),(16342,'USAMAH HANAFIE','M.Si Drs','S2','54201','001010  ',1538),(16343,'HAMDANI',' Ir','S2','54201','001010  ',1538),(16344,'MARIANI','M.Si Ir','S2','54201','001010  ',1538),(16345,'EKA RADIAH','M.Si Ir','S2','54201','001010  ',1538),(16346,'DJOKO SANTOSO','M.Sc Ir','S2','54201','001010  ',1538),(16347,'YUSUF AZIS','M.Sc Ir','S2','54201','001010  ',1538),(16348,'UMI SALAWATI','M.Si Ir','S2','54201','001010  ',1538),(16349,'LUKI ANJARDIANI',' S.P','S2','54201','001010  ',1538),(16350,'NINA BUDIWATI',' S.P','S2','54201','001010  ',1538),(16351,'MASYHUDAH ROSNI','M.Si S.P','S2','54201','001010  ',1538),(16352,'MIRA YULIANTI',' S.P','S2','54201','001010  ',1538),(16353,'MUZDALIFAH',' S.P','S2','54201','001010  ',1538),(16354,'RIFIANA','S.P S.P','S2','54201','001010  ',1538),(16355,'AHMAD YOUSUF KURNIAWAN',' S.P','S2','54201','001010  ',1538),(16356,'HAIRI FIRMANSYAH','M.Si S.P','S2','54201','001010  ',1538),(16357,'NURMELATI SEPTIANA',' S.P','S2','54201','001010  ',1538),(16358,'ACHMAD SYAMSU HIDAYAT','Dr M.P Ir','S3','54245','001010  ',1539),(16359,'EMMY LILIMANTIK','Dr M.P S.Pi','S3','54245','001010  ',1539),(16360,'LEILA ARIYANI SOFIA','Dr Dr  S.Pi','S3','54245','001010  ',1539),(16361,'ACHMAD RISWANDI BANDUNG',' Ir','S2','54245','001010  ',1539),(16362,'TARMAJI ANTOWIJOYO',' Ir','S2','54245','001010  ',1539),(16363,'TRI DEKAYANTI','M.P S.Pi','S2','54245','001010  ',1539),(16364,'IRMA FEBRIANTY',' S.Pi','S2','54245','001010  ',1539),(16365,'ERMA AGUSLIANI','M.P S.Pi','S2','54245','001010  ',1539),(16366,'MUHAMMAD ADNAN ZAIN',' S.Pi','S2','54245','001010  ',1539),(16367,'MUHAMMAD NUR RIDUAN','Ir','S1','54245','001010  ',1539),(16368,'ACHMAD ZAIDINSYAH','Ir','S1','54245','001010  ',1539),(16369,'SATU JANUAR NAHAS','Ir','S1','54245','001010  ',1539),(16370,'SAMHARINTO','Dr  Ir','S3','54211','001010  ',1540),(16371,'JAMZURI HADIE','Dr  Ir','S3','54211','001010  ',1540),(16372,'MARIANA','Dr M.P Ir','S3','54211','001010  ',1540),(16373,'SALAMIAH','M.S  Ir','S3','54211','001010  ',1540),(16374,'ISMED SETYA BUDI','Dr  Ir','S3','54211','001010  ',1540),(16375,'AKHMAD GAZALI','Dr Ir','S3','54211','001010  ',1540),(16376,'NOOR AIDAWATI','Dr M.Si Ir','S3','54211','001010  ',1540),(16377,'FAKHRUR RAZIE','M.Si M.Si Ir','S3','54211','001010  ',1540),(16378,'AFIAH HAYATI','Dr  S.P','S3','54211','001010  ',1540),(16379,'HILDA SUSANTI','Dr  S.P','S3','54211','001010  ',1540),(16380,'MURDIKAJAH','M.P Ir','S2','54211','001010  ',1540),(16381,'DJODJOK RAHARDJO',' Ir','S2','54211','001010  ',1540),(16382,'GUSTI MUHAMMAD SUGIAN NOOR',' Ir','S2','54211','001010  ',1540),(16383,'EDWIN NOOR FIKRI','M.Si Ir','S2','54211','001010  ',1540),(16384,'SURIANI ALI',' Ir','S2','54211','001010  ',1540),(16385,'MUHAMMAD ERMAYN ERHAKA',' Ir','S2','54211','001010  ',1540),(16386,'CHATIMATUN NISA',' ','S2','54211','001010  ',1540),(16387,'BAMBANG FREDRICKUS','M.P Ir','S2','54211','001010  ',1540),(16388,'ANTAR SOFYAN','M.P Ir','S2','54211','001010  ',1540),(16389,'ZAIRIN AHMAD','M.P Ir','S2','54211','001010  ',1540),(16390,'TUTI HEIRIYANI',' Ir','S2','54211','001010  ',1540),(16391,'ELLY LIESTIANY','M.P Ir','S2','54211','001010  ',1540),(16392,'MUHAMMAD MAHBUB','M.P Ir','S2','54211','001010  ',1540),(16393,'YUSRIADI MARSUNI','M.Si Ir','S2','54211','001010  ',1540),(16394,'HELDA ORBANI ROSA',' Ir','S2','54211','001010  ',1540),(16395,'ZURAIDA TITIN MARIANA','M.Si S.T','S2','54211','001010  ',1540),(16396,'JOKO PURNOMO','M.P S.P','S2','54211','001010  ',1540),(16397,'DEWI FITRIYANTI','M.P S.P','S2','54211','001010  ',1540),(16398,'BAKTI NUR ISMUHAJAROH','M.P S.P','S2','54211','001010  ',1540),(16399,'YUDHI AHMAD NAZARI','M.P S.P','S2','54211','001010  ',1540),(16400,'DEWI ERIKA ADRIANI','M.P S.P','S2','54211','001010  ',1540),(16401,'LYSWIANA APHRODYANTI',' S.P','S2','54211','001010  ',1540),(16402,'ARIEF RAKHMAD BUDI DARMAWAN','','S2','54211','001010  ',1540),(16403,'NOFIA HARDARANI','M.Si S.P','S2','54211','001010  ',1540),(16404,'MUHAMMAD INDAR PRAMUDI','M.P S.P','S2','54211','001010  ',1540),(16405,'DESSY MAULIDYA MAHARANI','','S2','54211','001010  ',1540),(16406,'NOOR KHAMIDAH','','S2','54211','001010  ',1540),(16407,'FACHRUR ROZY','Ir','S1','54211','001010  ',1540),(16408,'JUMAR','Ir','S1','54211','001010  ',1540),(16409,'INDYA DEWI','S.P','S1','54211','001010  ',1540),(16410,'ATMA HAYAT','Dr M.Si Drs S.E. Ak','S3','62201','001010  ',1541),(16411,'SYAIFUL HIFNI','Dr M.Si S.E. Ak','S3','62201','001010  ',1541),(16412,'NOVITA WENINGTYAS RESPATI','M.Si M.Si','S3','62201','001010  ',1541),(16413,'WAHYUDIN NOR','Dr','S3','62201','001010  ',1541),(16414,'FAHMI RIZANI','','S2','62201','001010  ',1541),(16415,'RAWINTAN ENDAS BINTI',' Dra','S2','62201','001010  ',1541),(16416,'AKHMAD SAYUDI','M.Si S.E.','S2','62201','001010  ',1541),(16417,'NUR FATIAH','M.Si','S2','62201','001010  ',1541),(16418,'ISNAWATI','M.Pd Dra','S2','62201','001010  ',1541),(16419,'SARWANI','M.Si','S2','62201','001010  ',1541),(16420,'RASIDAH','M.Si','S2','62201','001010  ',1541),(16421,'ACHMAD SUHAILI','M.Si ','S2','62201','001010  ',1541),(16422,'HAMDANI',' S.E.','S2','62201','001010  ',1541),(16423,'SAPRUDIN','M.Si S.E.','S2','62201','001010  ',1541),(16424,'ALFIAN','M.Si S.E.','S2','62201','001010  ',1541),(16425,'RANO WIJAYA',' S.E.','S2','62201','001010  ',1541),(16426,'DIAH FITRIATY','M.Si ','S2','62201','001010  ',1541),(16427,'ANTONIUS GRIVALDI SONDAKH','M.Si S.E.','S2','62201','001010  ',1541),(16428,'PUSVITA INDRIA MEI SUSILOWATI','M.S.Ak S.E.','S2','62201','001010  ',1541),(16429,'LILI SAFRIDA','M.Si','S2','62201','001010  ',1541),(16430,'ENNY HARDI','M.Si S.E. Ak','S2','62201','001010  ',1541),(16431,'YOHANA YUSTIKA SARI',' S.E.','S2','62201','001010  ',1541),(16432,'DWIANTO MUKHTAR LATIF','M.Sc','S2','62201','001010  ',1541),(16433,'NOR HIKMAH','S.E.','S1','62201','001010  ',1541),(16434,'NURDIN','','S1','62201','001010  ',1541),(16435,'RUSMA NAILIAH','S.E.','S1','62201','001010  ',1541),(16436,'RIFQI NOVRIYANDANA','S.E.','S1','62201','001010  ',1541),(16437,'BANI NOOR MUCHAMMAD','Dr M.T S.T','S3','23201','001010  ',1542),(16438,'LAILA ZOHRAH',' S.T','S3','23201','001010  ',1542),(16439,'ELKANADY ICKROM MUFTIZAR ADIL','M.T S.T','S2','23201','001010  ',1542),(16440,'BAMBANG DARYANTO','','S2','23201','001010  ',1542),(16441,'PAKHRI ANHAR','M.T S.T','S2','23201','001010  ',1542),(16442,'MUHAMMAD DEDDY HUZAIRIN','M.Si Ir','S2','23201','001010  ',1542),(16443,'RUDI HARTONO','','S2','23201','001010  ',1542),(16444,'GUSTI NOVI SARBINI',' S.T','S2','23201','001010  ',1542),(16445,'MUHAMMAD THARZIANSYAH','M.T S.T','S2','23201','001010  ',1542),(16446,'ANNA OKTAVIANA','M.T S.T','S2','23201','001010  ',1542),(16447,'NURFANSYAH','M.T S.T','S2','23201','001010  ',1542),(16448,'IRA MENTAYANI','M.T S.T','S2','23201','001010  ',1542),(16449,'DAHLIANI','M.T S.T','S2','23201','001010  ',1542),(16450,'YUSWINDA FEBRITA','M.Si S.T','S2','23201','001010  ',1542),(16451,'MOHAMMAD IBNU SA UD','M.Si S.T','S2','23201','001010  ',1542),(16452,'PRIMA WIDIA WASTUTY','M.T S.T','S2','23201','001010  ',1542),(16453,'INDAH MUTIA',' S.T','S2','23201','001010  ',1542),(16454,'AKBAR RAHMAN','M.T S.T','S2','23201','001010  ',1542),(16455,'JC HELDIANSYAH','M.Sc S.T','S2','23201','001010  ',1542),(16456,'NAIMATUL AUFA','M.Sc S.T','S2','23201','001010  ',1542),(16457,'DILA NADYA ANDINI','M.Si S.T','S2','23201','001010  ',1542),(16458,'NURSYARIF AGUSNIANSYAH','S.T','S1','23201','001010  ',1542),(16459,'KARYONO IBNU AHMAD','Dr Drs','S3','86201','001010  ',1543),(16460,'ACHMAD LADUNI SATTAR',' Drs','S2','86201','001010  ',1543),(16461,'ALI RACHMAN','M.Pd','S2','86201','001010  ',1543),(16462,'NINA PERMATA SARI','','S2','86201','001010  ',1543),(16463,'SULISTIYANA','','S1','86201','001010  ',1543),(16464,'KRISDIANTO',' Drs ','S3','46201','001010  ',1544),(16465,'RUSMIATI','M.Si','S2','46201','001010  ',1544),(16466,'SITI ZULAIKHA','M.P Dra','S2','46201','001010  ',1544),(16467,'BADRUZSAUFARI','M.Sc Ir','S2','46201','001010  ',1544),(16468,'ABDUL GAFUR','M.Si S.Si','S2','46201','001010  ',1544),(16469,'EVI MINTOWATI KUNTORINI','M.Si Dra','S2','46201','001010  ',1544),(16470,'HERI BUDI SANTOSO','M.Si Drs','S2','46201','001010  ',1544),(16471,'MUHAMAT','S.Si S.Si','S2','46201','001010  ',1544),(16472,'HASRUL SATRIA NUR','S.Si S.Si','S2','46201','001010  ',1544),(16473,'ANANG KADARSAH','M.Si S.Si','S2','46201','001010  ',1544),(16474,'DINDIN HIDAYATUL MURSYIDIN','M.Sc S.Si','S2','46201','001010  ',1544),(16475,'GUNAWAN','M.Si S.Si','S2','46201','001010  ',1544),(16476,'SASI GENDRO SARI','M.Sc S.Si','S2','46201','001010  ',1544),(16477,'HIDAYATURRAHMAH',' S.Si','S2','46201','001010  ',1544),(16478,'ANNI NURLIANI','M.Sc S.Si','S2','46201','001010  ',1544),(16479,'WITIYASTI IMANINGSIH',' S.Si','S2','46201','001010  ',1544),(16480,'FATMAWATI','M.Si','S3','54243','001010  ',1545),(16481,'MUHAMMAD','Dr ','S3','54243','001010  ',1545),(16482,'UNTUNG BIJAKSANA','','S3','54243','001010  ',1545),(16483,'RUKMINI','M.P','S3','54243','001010  ',1545),(16484,'NOOR ARIDA FAUZANA','Dr M.Si S.Pi','S3','54243','001010  ',1545),(16485,'INDIRA FITRILIYANI',' M.Si','S3','54243','001010  ',1545),(16486,'SLAMAT','Dr M.Si S.Pi','S3','54243','001010  ',1545),(16487,'SYACHRADJAD FRAN','M.P','S2','54243','001010  ',1545),(16488,'ROZANIE RAMLI','M.Si','S2','54243','001010  ',1545),(16489,'EL REDHA','','S2','54243','001010  ',1545),(16490,'AKHMAD MURJANI','M.S','S2','54243','001010  ',1545),(16491,'AGUSSYARIF HANAFIE','M.Si','S2','54243','001010  ',1545),(16492,'HERLIWATI','M.Si','S2','54243','001010  ',1545),(16493,'PAHMI ANSYARI','M.S M.S','S2','54243','001010  ',1545),(16494,'JUNIUS AKBAR','','S2','54243','001010  ',1545),(16495,'RIRIEN KARTIKA RINI','M.P','S2','54243','001010  ',1545),(16496,'OLGA',' S.Pi','S2','54243','001010  ',1545),(16497,'SITI AISIAH','M.P S.Pi','S2','54243','001010  ',1545),(16498,'SEPTIODRIAN RINSON BALANTEK','','S1','54243','001010  ',1545),(16499,'ABDURRAHIM NUR','Ir','S1','54243','001010  ',1545),(16500,'AHMAD YUNANI','Dr M.Si S.E.','S3','60201','001010  ',1546),(16501,'SURYANI',' Drs','S2','60201','001010  ',1546),(16502,'NAIMATUL AUFA','M.M. Dra','S2','60201','001010  ',1546),(16503,'RUDDY SYAFRUDIN',' Drs','S2','60201','001010  ',1546),(16504,'HARIS FADILLAH',' Drs','S2','60201','001010  ',1546),(16505,'NASRUDIN',' Drs','S2','60201','001010  ',1546),(16506,'RIZALI','M.P Drs','S2','60201','001010  ',1546),(16507,'FRANZ SAMUEL AMPONG LAMBUT',' Drs','S2','60201','001010  ',1546),(16508,'IKA CHANDRIYANTI','M.P Dra','S2','60201','001010  ',1546),(16509,'ENY FAHRATI',' Dra','S2','60201','001010  ',1546),(16510,'MUHAMAD SALEH','M.P Drs','S2','60201','001010  ',1546),(16511,'MUHAMAD RUSMIN NURYADIN','M.Si S.E.','S2','60201','001010  ',1546),(16512,'SYAHRITUAH SIREGAR','M.A. S.E.','S2','60201','001010  ',1546),(16513,'CHAIRUL SA RONI','M.Si S.E.','S2','60201','001010  ',1546),(16514,'YUNITA SOPIANA',' S.E.','S2','60201','001010  ',1546),(16515,'LINA SUHERTY','M.P S.E.','S2','60201','001010  ',1546),(16516,'NOOR RAHMINI',' S.E.','S2','60201','001010  ',1546),(16517,'HIDAYATULLAH MUTTAQIN','M.Si S.E.','S2','60201','001010  ',1546),(16518,'RYAN JUMINTA ANWARD','S.E. S.E.','S2','60201','001010  ',1546),(16519,'SUTOMO','M.Si S.Si ','S2','48201','001010  ',1547),(16520,'ARNIDA','M.Si ','S2','48201','001010  ',1547),(16521,'NOOR CAHAYA','','S2','48201','001010  ',1547),(16522,'NURLELY','M.Sc ','S2','48201','001010  ',1547),(16523,'SAMSUL HADI','M.Sc S.Farm','S2','48201','001010  ',1547),(16524,'LILING TRIYASMONO','M.Sc S.Farm ','S2','48201','001010  ',1547),(16525,'NANI KARTINAH','M.Sc S.Farm Apt','S2','48201','001010  ',1547),(16526,'DESTRIA INDAH SARI','','S2','48201','001010  ',1547),(16527,'DINA RAHMAWANTY','M.Farm ','S2','48201','001010  ',1547),(16528,'VALENTINA META SRIKARTIKA','M.P.H ','S2','48201','001010  ',1547),(16529,'KHOERUL ANWAR','','S1','48201','001010  ',1547),(16530,'PRIMA HAPPY RATNAPURI','S.Farm ','S1','48201','001010  ',1547),(16531,'NASHRUL WATHAN','','S1','48201','001010  ',1547),(16532,'DIFA INTANNIA','','Profesi','48201','001010  ',1547),(16533,'SURYAJAYA','','S3','45201','001010  ',1548),(16534,'NINIS HADI HARYANTI',' Dra','S2','45201','001010  ',1548),(16535,'NURMA SARI','M.Si S.Si','S2','45201','001010  ',1548),(16536,'SIMON SADOK SIREGAR','M.Si S.Si','S2','45201','001010  ',1548),(16537,'SUDARNINGSIH','M.Si S.Pd','S2','45201','001010  ',1548),(16538,'IBRAHIM',' S.Si','S2','45201','001010  ',1548),(16539,'SRI CAHYO WAHYONO','M.Si S.Si','S2','45201','001010  ',1548),(16540,'FAHRUDDIN','M.T S.Si','S2','45201','001010  ',1548),(16541,'ICHSAN RIDWAN','M.Kom S.Si','S2','45201','001010  ',1548),(16542,'TETTI NOVALINA MANIK','M.T S.Si','S2','45201','001010  ',1548),(16543,'NURLINA','S.Si S.Si','S2','45201','001010  ',1548),(16544,'TOTOK WIANTO','M.Si S.Si','S2','45201','001010  ',1548),(16545,'AMAR VIJAI NASRULLOH','M.T S.Si','S2','45201','001010  ',1548),(16546,'IWAN SUGRIWAN',' S.Si','S2','45201','001010  ',1548),(16547,'EKA SUARSO','M.Si S.Si','S2','45201','001010  ',1548),(16548,'ARFAN EKO FAHRUDIN',' S.Si','S2','45201','001010  ',1548),(16549,'ADE AGUNG HARNAWAN','M.Sc S.Si','S2','45201','001010  ',1548),(16550,'SADANG HUSAIN','','S2','45201','001010  ',1548),(16551,'HAIRUDINOR','Dr M.M. S.Sos','S3','63211','001010  ',1550),(16552,'RAHMA YULIANI',' M.Si','S3','63211','001010  ',1550),(16553,'RASYIDI','M.M. Drs','S2','63211','001010  ',1550),(16554,'SUGIHARTO',' Drs','S2','63211','001010  ',1550),(16555,'SITI RUSIDAH','M.M. Dra','S2','63211','001010  ',1550),(16556,'SITI HALIMATUSSADIAH',' Dra','S2','63211','001010  ',1550),(16557,'FITRIYADI','M.Si Drs','S2','63211','001010  ',1550),(16558,'MUHAMMAD NOR RASYIDI','M.Si S.Sos','S2','63211','001010  ',1550),(16559,'KHAIRUSSALAM','','S2','63211','001010  ',1550),(16560,'MUHAMMAD HASANUR ARIFIN',' S.Sos','S2','63211','001010  ',1550),(16561,'MARYONO','M.Si S.Sos','S2','63211','001010  ',1550),(16562,'NURUL WAHYUNI','S.Sos','S1','63211','001010  ',1550),(16563,'ASMU I','Dr Drs','S3','63201','001010  ',1551),(16564,'RUSLI MARI E','M.Si Drs','S2','63201','001010  ',1551),(16565,'TOMI OKTAVIANOR',' Drs','S2','63201','001010  ',1551),(16566,'WIDYAKANTI',' S.Sos','S2','63201','001010  ',1551),(16567,'SIDDERATUL AKBAR','M.Si S.Sos','S2','63201','001010  ',1551),(16568,'MUHAMMAD RIDUANSYAH SYAFARI',' S.Sos','S2','63201','001010  ',1551),(16569,'SUGENG KARYADI',' S.Sos','S2','63201','001010  ',1551),(16570,'AVELA DEWI','M.Si S.Sos','S2','63201','001010  ',1551),(16571,'ENLY HADIYANOR','M.Si S.Sos','S2','63201','001010  ',1551),(16572,'MUHAMMAD NUR IMAN RIDWAN','M.Si S.Sos','S2','63201','001010  ',1551),(16573,'VARINIA PURA DAMAIYANTI',' S.Sos','S2','63201','001010  ',1551),(16574,'ERMA ARIYANI',' S.Sos','S2','63201','001010  ',1551),(16575,'ACHMAD ILMI','Drs','S1','63201','001010  ',1551),(16576,'SITI NORHASANAH','Dra','S1','63201','001010  ',1551),(16577,'AFRIDA ROYATI','Dra','S1','63201','001010  ',1551),(16578,'SYAIFUDIN','Dr  S.H.','S3','74201','001010  ',1552),(16579,'MUHAMMAD RIFQINIZAMY','Dr  S.H.','S3','74201','001010  ',1552),(16580,'BACHTIAR DEKA EFFFENDIE',' S.H.','S2','74201','001010  ',1552),(16581,'DJUMADI',' S.H.','S2','74201','001010  ',1552),(16582,'EDI SUKARNO SUYARSO',' S.H.','S2','74201','001010  ',1552),(16583,'MOHAMMAD EFFENDY',' S.H.','S2','74201','001010  ',1552),(16584,'MUHAMMAD ERHAM',' S.H.','S2','74201','001010  ',1552),(16585,'AKHMADI YUSRAN',' S.H.','S2','74201','001010  ',1552),(16586,'HELMI',' S.H.','S2','74201','001010  ',1552),(16587,'WERHAN ASMIN',' ','S2','74201','001010  ',1552),(16588,'TAVINAYATI',' S.H.','S2','74201','001010  ',1552),(16589,'RACHMADI USMAN',' S.H.','S2','74201','001010  ',1552),(16590,'DIANA HAITI',' S.H.','S2','74201','001010  ',1552),(16591,'ABERAN',' S.H.','S2','74201','001010  ',1552),(16592,'M. ALI AMRIN','  S.H. S.T S.T','S2','74201','001010  ',1552),(16593,'MUHAMMAD YASIR',' S.H.','S2','74201','001010  ',1552),(16594,'AHMAD SYAUFI',' S.H.','S2','74201','001010  ',1552),(16595,'ZAKIYAH',' S.H.','S2','74201','001010  ',1552),(16596,'RAHMIDA ERLIYANI',' S.H.','S2','74201','001010  ',1552),(16597,'DEDEN KOSWARA',' S.H.','S2','74201','001010  ',1552),(16598,'SYAHRIDA',' S.H.','S2','74201','001010  ',1552),(16599,'DIANA RAHMAWATI',' S.H.','S2','74201','001010  ',1552),(16600,'NOOR HAFIDAH',' S.H.','S2','74201','001010  ',1552),(16601,'MULYANI ZULAEHA',' S.H.','S2','74201','001010  ',1552),(16602,'ACHMAD FAISAL','S.H. S.H.','S2','74201','001010  ',1552),(16603,'RUDY INDRAWAN','M.H S.H.','S2','74201','001010  ',1552),(16604,'MISPANSYAH',' S.H.','S2','74201','001010  ',1552),(16605,'MUHAMMAD AZIANOR ILMY',' S.H.','S2','74201','001010  ',1552),(16606,'ERLINA',' S.H.','S2','74201','001010  ',1552),(16607,'ACHMAD RATOMI','M.H S.H.','S2','74201','001010  ',1552),(16608,'ANANG SHOPHAN TORNADO','  S.H.','S2','74201','001010  ',1552),(16609,'DADANG ABDULLAH','M.H  S.H.','S2','74201','001010  ',1552),(16610,'LIES ARIYANY',' S.H.','S2','74201','001010  ',1552),(16611,'INDAH RAMADHANY','S.H. S.H.','S2','74201','001010  ',1552),(16612,'DERMAWATI SIHITE',' S.H.','S2','74201','001010  ',1552),(16613,'MUHAMMAD TOPAN',' S.H.','S2','74201','001010  ',1552),(16614,'LENA HANIFAH','','S2','74201','001010  ',1552),(16615,'SUPRAPTO',' S.H.','S2','74201','001010  ',1552),(16616,'IFRANI',' S.H.','S2','74201','001010  ',1552),(16617,'DADDY FAHMANADIE',' S.H.','S2','74201','001010  ',1552),(16618,'MUHAMMAD TAUFIK HIDAYAT',' S.H.','S2','74201','001010  ',1552),(16619,'SAPRUDIN',' S.H.','S2','74201','001010  ',1552),(16620,'RAHMAT BUDIMAN',' S.H.','S2','74201','001010  ',1552),(16621,'NURUNNISA',' S.H.','S2','74201','001010  ',1552),(16622,'MUHAMMAD ANANTA FIRDAUS',' ','S2','74201','001010  ',1552),(16623,'MIRZA SATRIA BUANA',' S.H.','S2','74201','001010  ',1552),(16624,'AHMAD FIKRI HADIN','','S2','74201','001010  ',1552),(16625,'ROOSDIANA ABDURRACHMAN','S.H.','S1','74201','001010  ',1552),(16626,'RIDUAN SYAHRANI','S.H.','S1','74201','001010  ',1552),(16627,'YURLIANI','S.H.','S1','74201','001010  ',1552),(16628,'ROSITA SAIFUDDIN','S.H.','S1','74201','001010  ',1552),(16629,'DIAH HERAWATI','','S1','74201','001010  ',1552),(16630,'RISNI RISTIAWATI','S.H.','S1','74201','001010  ',1552),(16631,'MUHAMMAD AHSIN RIFA I','M.Si','S2','54241','001010  ',1553),(16632,'HAMDANI',' S.Pi','S2','54241','001010  ',1553),(16633,'YULIYANTO',' S.T','S2','54241','001010  ',1553),(16634,'FRANS TONY','M.P S.Pi','S2','54241','001010  ',1553),(16635,'MUHAMMAD SYAHDAN','M.Si S.Pi','S2','54241','001010  ',1553),(16636,'DAFIUDDIN SALIM','M.Si ','S2','54241','001010  ',1553),(16637,'BAHARUDDIN','','S2','54241','001010  ',1553),(16638,'IRA PUSPITA DEWI','M.Si ','S2','54241','001010  ',1553),(16639,'NURSALAM','','S1','54241','001010  ',1553),(16640,'NOOR DIANI','Sp.Kep M.Kep   Ners','Sp-2','14201','001010  ',1554),(16641,'HERAWATI','','S2','14201','001010  ',1554),(16642,'DHIAN RIRIN LESTARI','M.Kep  Ners','S2','14201','001010  ',1554),(16643,'AGIANTO',' S.Kep ','S2','14201','001010  ',1554),(16644,'ABDURAHMAN WAHID',' Ners','S2','14201','001010  ',1554),(16645,'DEVI RAHMAYANTI','Ners S.Kep','Sp-1','14201','001010  ',1554),(16646,'EKA SANTI','','S1','14201','001010  ',1554),(16647,'ENDANG PERTIWIWATI','','','14201','001010  ',1554),(16648,'RISMIA AGUSTINA','','','14201','001010  ',1554),(16649,'ANDI FARMADI','','S2','57201','001010  ',1555),(16650,'ANDRE ISKANDAR','','S2','57201','001010  ',1555),(16651,'MOHAMMAD REZA FAISAL','M.T','S2','57201','001010  ',1555),(16652,'IRWAN BUDIMAN','M.Kom S.T','S2','57201','001010  ',1555),(16653,'MULIADI','M.Cs S.Kom','S2','57201','001010  ',1555),(16654,'DODON TURIANTO NUGRAHADI','','S2','57201','001010  ',1555),(16655,'RADITYO ADI NUGROHO','M.Kom S.T','S2','57201','001010  ',1555),(16656,'FATMA INDRIANI',' S.T','S2','57201','001010  ',1555),(16657,'DWI KARTINI','M.Kom','S2','57201','001010  ',1555),(16658,'HERY SETIYOKO','S.Kom','S1','57201','001010  ',1555),(16659,'FATIMAH ANGGRIANI','S.Kom','S1','57201','001010  ',1555),(16660,'BACHRUDDIN ALI AKHMAD','M.Si S.IP','S2','70201','001010  ',1556),(16661,'FAHRIANOOR','M.Si S.IP','S2','70201','001010  ',1556),(16662,'SISWANTO','','S2','70201','001010  ',1556),(16663,'SARWANI','M.Med.Kom S.Sos','S2','70201','001010  ',1556),(16664,'SRI ASTUTY',' S.Sos','S2','70201','001010  ',1556),(16665,'MUHAMMAD ALIF','M.Si S.Sos','S2','70201','001010  ',1556),(16666,'YUANITA SETYASTUTI',' S.IP','S2','70201','001010  ',1556),(16667,'NOVARIA MAULINA','','S2','70201','001010  ',1556),(16668,'LALITA HANIEF','M.Si S.Sos','S2','70201','001010  ',1556),(16669,'IDA HARINI','S.Sos','S1','70201','001010  ',1556),(16670,'SAMAHUDDIN','Dr','S3','65201','001010  ',1557),(16671,'BUDI SURYADI',' S.Sos','S3','65201','001010  ',1557),(16672,'SURIANSYAH',' S.Sos','S2','65201','001010  ',1557),(16673,'SANDRA BHAKTI MAFRIANA','M.Si S.Sos','S2','65201','001010  ',1557),(16674,'ABDURRAHMAN','M.Si Drs','S2','65201','001010  ',1557),(16675,'SAIFUDIN','M.Si S.Sos','S2','65201','001010  ',1557),(16676,'SETIA BUDHI','M.Si','S2','65201','001010  ',1557),(16677,'APRIANSYAH','M.Si S.Sos','S2','65201','001010  ',1557),(16678,'ZULFIANTI NOOR','M.Si','S2','65201','001010  ',1557),(16679,'GAZALI RAHMAN','M.Si S.Sos','S2','65201','001010  ',1557),(16680,'MAHYUNI',' S.Sos','S2','65201','001010  ',1557),(16681,'SITI HAMIDAH',' S.Sos','S2','65201','001010  ',1557),(16682,'ANDI TENRI SOMPA','M.Si','S2','65201','001010  ',1557),(16683,'BUDI KRISTANTO','S.IP S.T','S2','65201','001010  ',1557),(16684,'IHSAN','Drs','S1','65201','001010  ',1557),(16685,'HUSEIN ABDURAHMAN','S.Sos','S1','65201','001010  ',1557),(16686,'MOEHANSYAH',' Ir','S3','54294','001010  ',1558),(16687,'ANNA MARIA MAKELEW','M.Sc Ir','S3','54294','001010  ',1558),(16688,'FADLY HAIRANNOOR','Ph.D Ir','S3','54294','001010  ',1558),(16689,'AHMAD KURNAIN','Dr Ir','S3','54294','001010  ',1558),(16690,'BAMBANG JOKO PRIATMADI','Dr M.P Ir','S3','54294','001010  ',1558),(16691,'ABDUL HADI',' Ir','S3','54294','001010  ',1558),(16692,'AKHMAD RIZALLI SAIDY','  S.P','S3','54294','001010  ',1558),(16693,'SYAIFUDDIN',' Ir','S2','54294','001010  ',1558),(16694,'MUHAMMAD SYARBINI','M.P Ir','S2','54294','001010  ',1558),(16695,'ISMED FACHRUZI','M.P Ir','S2','54294','001010  ',1558),(16696,'HAIRIL IFANSYAH','M.P Ir','S2','54294','001010  ',1558),(16697,'MELDIA SEPTIANA','M.Si Ir','S2','54294','001010  ',1558),(16698,'ABDUL HARIS','M.Si Ir','S2','54294','001010  ',1558),(16699,'RATNA','S.P','S1','54294','001010  ',1558),(16700,'GUSTI MUHAMMAD HATTA','  Ir','S3','54251','001010  ',1559),(16701,'UDIANSYAH','Ph.D M.Si Ir','S3','54251','001010  ',1559),(16702,'ZAINAL ABIDIN','Dr M.P Ir','S3','54251','001010  ',1559),(16703,'SYARIFUDDIN KADIR','Dr M.Si Ir','S3','54251','001010  ',1559),(16704,'MUFIDAH','Dr M.P Ir','S3','54251','001010  ',1559),(16705,'WAHYUNI ILHAM',' M.P Ir','S3','54251','001010  ',1559),(16706,'MAHRUS ARYADI','M.Sc Ir','S3','54251','001010  ',1559),(16707,'HAFIZIANOR','Dr  S.Hut','S3','54251','001010  ',1559),(16708,'KISSINGER','Dr M.Si S.Hut','S3','54251','001010  ',1559),(16709,'HAMDANI FAUZI','Dr M.P S.Hut','S3','54251','001010  ',1559),(16710,'BADARUDDIN','Dr  S.Hut','S3','54251','001010  ',1559),(16711,'SANGGEN NYEGER DIGUT',' Ir','S2','54251','001010  ',1559),(16712,'ASMURI ACHMAD',' Ir','S2','54251','001010  ',1559),(16713,'KARTA SIRANG',' Ir','S2','54251','001010  ',1559),(16714,'TITIEN MARYATI','M.M. Dra','S2','54251','001010  ',1559),(16715,'EMMY WINARNI',' Ir','S2','54251','001010  ',1559),(16716,'MAGDALENA YOESRAN','M.M. Ir','S2','54251','001010  ',1559),(16717,'MUHAMMAD MUCHTAR EFFENDY',' Ir','S2','54251','001010  ',1559),(16718,'SULAIMAN BAKRI',' Ir','S2','54251','001010  ',1559),(16719,'SUNARDI',' Ir','S2','54251','001010  ',1559),(16720,'DANIEL ITTA',' Ir','S2','54251','001010  ',1559),(16721,'SETIA BUDI PERAN','M.P Ir','S2','54251','001010  ',1559),(16722,'LUSYIANI',' Ir','S2','54251','001010  ',1559),(16723,'HENNI ARRYATI','M.P Ir','S2','54251','001010  ',1559),(16724,'DAMARIS PAYUNG',' Ir','S2','54251','001010  ',1559),(16725,'BASIR ACHMAD',' Ir','S2','54251','001010  ',1559),(16726,'GUNAWANSYAH','M.P Ir','S2','54251','001010  ',1559),(16727,'GUNAWAN','M.P Ir','S2','54251','001010  ',1559),(16728,'AHMAD YAMANI','M.P Ir','S2','54251','001010  ',1559),(16729,'KURDIANSYAH','M.P Ir','S2','54251','001010  ',1559),(16730,'BUDI SUTIYA','M.P Ir','S2','54251','001010  ',1559),(16731,'GUSTI ABDUL RAHMAT THAMRIN','M.P Ir','S2','54251','001010  ',1559),(16732,'DIANA ULFAH','M.P Ir','S2','54251','001010  ',1559),(16733,'MUHAMMAD FAISAL MAHDIE','M.P Ir','S2','54251','001010  ',1559),(16734,'ACHMAD JAUHARI','M.P Ir','S2','54251','001010  ',1559),(16735,'ROSIDAH','M.P Ir','S2','54251','001010  ',1559),(16736,'GUSTI SYERANSYAH RUDY','M.P Ir','S2','54251','001010  ',1559),(16737,'SUYANTO','M.P Drs','S2','54251','001010  ',1559),(16738,'NORMELA RACHMAWATI','M.P Ir','S2','54251','001010  ',1559),(16739,'NOOR MIRAD SARI','M.P Ir','S2','54251','001010  ',1559),(16740,'MUHAMMAD AQLA',' Ir','S2','54251','001010  ',1559),(16741,'ENY DWI PUJAWATI',' Dra','S2','54251','001010  ',1559),(16742,'FONNY RIANAWATI','M.P Ir','S2','54251','001010  ',1559),(16743,'FATRIANI',' S.Hut','S2','54251','001010  ',1559),(16744,'MUHAMMAD HELMI','M.M. Ir','S2','54251','001010  ',1559),(16745,'EDILA YUDIA PURWANA','M.P Ir','S2','54251','001010  ',1559),(16746,'SITI HAMIDAH','M.P S.Hut','S2','54251','001010  ',1559),(16747,'DINA NAEMAH',' ','S2','54251','001010  ',1559),(16748,'SITI SAIDAH','M.P S.Hut','S2','54251','001010  ',1559),(16749,'ADI RAHMADI',' S.Hut','S2','54251','001010  ',1559),(16750,'KHAIRUN NISA','M.P S.Hut','S2','54251','001010  ',1559),(16751,'ARFA AGUSTINA REZEKIAH',' S.Hut','S2','54251','001010  ',1559),(16752,'ABDI FITHRIA','M.P S.Hut','S2','54251','001010  ',1559),(16753,'SUSILAWATI','M.P S.Hut','S2','54251','001010  ',1559),(16754,'YUSANTO NUGROHO',' S.Hut','S2','54251','001010  ',1559),(16755,'YUNIARTI',' S.Hut','S2','54251','001010  ',1559),(16756,'ASYSYIFA',' S.Hut','S2','54251','001010  ',1559),(16757,'RINA MUHAYAH NOOR PITRI','M.Si S.Hut','S2','54251','001010  ',1559),(16758,'ADISTINA FITRIANI',' S.Hut','S2','54251','001010  ',1559),(16759,'SYAM ANI',' S.Hut','S2','54251','001010  ',1559),(16760,'WIWIN TYAS ISTIKOWATI',' S.Hut','S2','54251','001010  ',1559),(16761,'EVA PRIHATININGTYAS',' S.Hut','S2','54251','001010  ',1559),(16762,'TRISNU SATRIADI',' S.Hut','S2','54251','001010  ',1559),(16763,'ACHMAD RUZANIE','Ir','S1','54251','001010  ',1559),(16764,'SUHAIMI NUSI','Ir','S1','54251','001010  ',1559),(16765,'MUHAMMAD NAPARIN','Ir','S1','54251','001010  ',1559),(16766,'RINAKANTI','S.Hut','S1','54251','001010  ',1559),(16767,'HUSAINI','Dr M.Kes ','S3','13201','001010  ',1560),(16768,'QOMARIYATUS SHOLILAH',' M.Kes S.T','S3','13201','001010  ',1560),(16769,'ADENAN','M.Kes Dr','S2','13201','001010  ',1560),(16770,'EDYSON','M.Kes Dr','S2','13201','001010  ',1560),(16771,'SITI KAIDAH','M.Sc Dr','S2','13201','001010  ',1560),(16772,'LENIE MARLINAE',' ','S2','13201','001010  ',1560),(16773,'FARIDA HERIYANI','M.P Dr','S2','13201','001010  ',1560),(16774,'ATIKAH RAHAYU','M.P ','S2','13201','001010  ',1560),(16775,'MEITRIA SYAHADATINA NOOR','M.Kes Dr','S2','13201','001010  ',1560),(16776,'MUSAFAAH',' ','S2','13201','001010  ',1560),(16777,'IDA YULIANA','  Dr S.Ked','S2','13201','001010  ',1560),(16778,'LAILY KHAIRIYATI','M.P ','S2','13201','001010  ',1560),(16779,'NITA PUJIANTI','','S2','13201','001010  ',1560),(16780,'FAHRINI YULIDASARI',' ','S2','13201','001010  ',1560),(16781,'RUDI FAKHRIADI','M.Kes ','S2','13201','001010  ',1560),(16782,'RATNA SETYANINGRUM','M.Sc S.KM','S2','13201','001010  ',1560),(16783,'FAUZIE RAHMAN','M.P ','S2','13201','001010  ',1560),(16784,'ADI NUGROHO','','S1','13201','001010  ',1560),(16785,'ABDULLAH','Dr M.Si S.Si','S3','47201','001010  ',1561),(16786,'RODIANSONO','Ph.D M.Si S.Si','S3','47201','001010  ',1561),(16787,'URIPTO TRISNO SANTOSO','Dr M.Si S.Si','S3','47201','001010  ',1561),(16788,'RAHMAT YUNUS','M.Si Drs','S2','47201','001010  ',1561),(16789,'TAUFIQUR ROHMAN','M.Si Drs','S2','47201','001010  ',1561),(16790,'NOER KOMARI','M.Kes S.Si','S2','47201','001010  ',1561),(16791,'AZIDI IRWAN','M.Si S.Si','S2','47201','001010  ',1561),(16792,'EDI MIKRIANTO','M.Si S.Si','S2','47201','001010  ',1561),(16793,'TANTO BUDI SUSILO','M.Si S.Si','S2','47201','001010  ',1561),(16794,'RADNA NURMASARI','M.Si S.Si','S2','47201','001010  ',1561),(16795,'AHMAD BUDI JUNAIDI','S.Si S.Si','S2','47201','001010  ',1561),(16796,'KHOLIFATU ROSYIDAH',' S.Si','S2','47201','001010  ',1561),(16797,'SUNARDI','S.Si S.Si','S2','47201','001010  ',1561),(16798,'MARIA DEWI ASTUTI',' S.Si','S2','47201','001010  ',1561),(16799,'DEWI UMANINGRUM','M.Si S.Si','S2','47201','001010  ',1561),(16800,'UTAMI IRAWATI',' S.Si','S2','47201','001010  ',1561),(16801,'DWI RASY MUJIANTI','','S2','47201','001010  ',1561),(16802,'DAHLENA ARIYANI',' S.Si','S2','47201','001010  ',1561),(16803,'KAMILIA MUSTIKASARI','M.Si S.Si','S2','47201','001010  ',1561),(16804,'FIFI SWANDARI','Dr M.Si S.E.','S3','61201','001010  ',1562),(16805,'TINIK SUGIATI','Dr M.M. S.Pd','S3','61201','001010  ',1562),(16806,'ARIEF BUDIMAN','Ph.D  S.E.','S3','61201','001010  ',1562),(16807,'DIAN MASITA DEWI','Dr M.M. S.E.','S3','61201','001010  ',1562),(16808,'SUYATNO','M.Si Drs','S2','61201','001010  ',1562),(16809,'DAHNIAR','M.Si S.E.','S2','61201','001010  ',1562),(16810,'IKHWAN FAISAL','M.Si S.E.','S2','61201','001010  ',1562),(16811,'FAHMI ROY DALIMUNTHE','M.M.','S2','61201','001010  ',1562),(16812,'ABDUL HADI','M.Si','S2','61201','001010  ',1562),(16813,'SITI CHAMIDAH',' S.E.','S2','61201','001010  ',1562),(16814,'GUSTI RINA FARIANY','M.M. S.E.','S2','61201','001010  ',1562),(16815,'SITI ALIYATI AL BUSHAIRI','M.Si','S2','61201','001010  ',1562),(16816,'MEISKE CLAUDIA','M.M. S.E.','S2','61201','001010  ',1562),(16817,'RUSNIATI','M.Si S.E.','S2','61201','001010  ',1562),(16818,'ALI SADIKIN','M.M. S.E.','S2','61201','001010  ',1562),(16819,'RADEN RORO YULIANTI',' S.E.','S2','61201','001010  ',1562),(16820,'SUFI JIKRILLAH','M.M. S.E.','S2','61201','001010  ',1562),(16821,'NIRA HARIYATIE','M.Si S.E.','S2','61201','001010  ',1562),(16822,'ANNA NUR FAIDAH','S.E. S.E.','S2','61201','001010  ',1562),(16823,'AKHMAD SUPRIYANTO','M.M. S.E.','S2','61201','001010  ',1562),(16824,'RUSDAYANTI ASMA','M.Si S.E.','S2','61201','001010  ',1562),(16825,'REDAWATI',' S.E.','S2','61201','001010  ',1562),(16826,'MUHAMMAD ZAINAL ABIDIN','M.Si S.Sos','S2','61201','001010  ',1562),(16827,'DONI STIADI','M.Si S.Si','S2','61201','001010  ',1562),(16828,'WIDYARFENDHI','M.Si S.E.','S2','61201','001010  ',1562),(16829,'MUHAMMAD ZIYAD','M.M. S.E.','S2','61201','001010  ',1562),(16830,'MAYA SARI DEWI','M.M. S.Sos','S2','61201','001010  ',1562),(16831,'ASRID JUNIAR','M.M. S.E.','S2','61201','001010  ',1562),(16832,'AHMAD RIFANI','M.M. S.E.','S2','61201','001010  ',1562),(16833,'AKHID YULIANTO',' S.E.','S2','61201','001010  ',1562),(16834,'WIMBY WANDARY','M.M. S.E.','S2','61201','001010  ',1562),(16835,'ABDURRAHMAN SADIKIN','M.M. S.E.','S2','61201','001010  ',1562),(16836,'MOHAMMAD YUDY RACHMAN',' S.E.','S2','61201','001010  ',1562),(16837,'MOHAMMAD HATTA FAZRI','','S1','61201','001010  ',1562),(16838,'RIZMI YUNITA','Dr M.Si Ir','S3','54242','001010  ',1563),(16839,'GUSTI CHAIRUDDIN','M.Si Ir','S2','54242','001010  ',1563),(16840,'PATHUL ARIFIN',' Ir','S2','54242','001010  ',1563),(16841,'SUHAILI ASMAWI',' Ir','S2','54242','001010  ',1563),(16842,'MIJANI RAHMAN','M.Si Ir','S2','54242','001010  ',1563),(16843,'EKA IRIADENTA','M.Si Ir','S2','54242','001010  ',1563),(16844,'ABDUR RAHMAN',' S.Pi','S2','54242','001010  ',1563),(16845,'DINI SOFARINI','M.S S.Pi','S2','54242','001010  ',1563),(16846,'YUNANDAR','M.Si S.Pi','S2','54242','001010  ',1563),(16847,'ZAIRINA YASMI','Dra','S1','54242','001010  ',1563),(16848,'MAULUDDIN AGUS','Ir','S1','54242','001010  ',1563),(16849,'DEDDY DHARMAJI','S.Pi','S1','54242','001010  ',1563),(16850,'FAISAL','M.Si S.Si','S2','44201','001010  ',1564),(16851,'THRESYE',' S.Si','S2','44201','001010  ',1564),(16852,'ONI SOESANTO',' S.Si','S2','44201','001010  ',1564),(16853,'DEWI SRI SUSANTI','M.Si S.Si','S2','44201','001010  ',1564),(16854,'MOCHAMMAD IDRIS',' S.Si','S2','44201','001010  ',1564),(16855,'NUR SALAM','S.Si S.Si','S2','44201','001010  ',1564),(16856,'PARDI AFFANDI','S.Si S.Si','S2','44201','001010  ',1564),(16857,'SAMAN ABDURRAHMAN',' S.Si','S2','44201','001010  ',1564),(16858,'NAIMAH HIJRIATI','M.Si S.Si','S2','44201','001010  ',1564),(16859,'AKHMAD YUSUF','M.Kom S.Si','S2','44201','001010  ',1564),(16860,'NURUL HUDA','M.Si M.Si S.Si','S2','44201','001010  ',1564),(16861,'YUNI YULIDA','S.Si S.Si','S2','44201','001010  ',1564),(16862,'MUHAMMAD AHSAR KARIM','S.Si','S2','44201','001010  ',1564),(16863,'MOHAMMAD MAHFUZH SHIDDIQ',' S.Si','S2','44201','001010  ',1564),(16864,'DEWI ANGGRAINI',' S.Si','S2','44201','001010  ',1564),(16865,'MUHAMMAD SYAHRIZA FAHLEVI','S.Si','S1','44201','001010  ',1564),(16866,'RUSMILYANSARI','Dr  Ir','S3','54246','001010  ',1565),(16867,'ERWIN ROSADI','Dr M.Si ','S3','54246','001010  ',1565),(16868,'IRIANSYAH','M.Si Ir','S2','54246','001010  ',1565),(16869,'IRHAMSYAH','M.Si Ir','S2','54246','001010  ',1565),(16870,'SITI AMINAH',' ','S2','54246','001010  ',1565),(16871,'NOOR AZIZAH',' ','S2','54246','001010  ',1565),(16872,'NOOR CAHAYA','S.Pd M.Pd S.Pd','S3','88201','001010  ',1566),(16873,'RUSTAM EFFENDI',' Drs','S2','88201','001010  ',1566),(16874,'MUHAMMAD KUSAINI','M.Pd','S2','88201','001010  ',1566),(16875,'MARIA LUSIA ANITA SUMARYATI',' Dra','S2','88201','001010  ',1566),(16876,'SOFYAN','M.Pd','S2','88201','001010  ',1566),(16877,'SABHAN',' Drs','S2','88201','001010  ',1566),(16878,'SAINUL HERMAWAN','M.Hum ','S2','88201','001010  ',1566),(16879,'RUSMA NOORTYANI','M.Pd S.Pd','S2','88201','001010  ',1566),(16880,'DWI WAHYU CANDRA DEWI','M.Pd S.Pd','S2','88201','001010  ',1566),(16881,'DEWI ALFIANTI','','','88201','001010  ',1566),(16882,'MARIA F SRI EKONOMI','M.Pd Dra','S2','88203','001010  ',1567),(16883,'ACHMAD FARID','M.Pd Drs','S2','88203','001010  ',1567),(16884,'AHMAD SOFYAN',' Drs','S2','88203','001010  ',1567),(16885,'ABDUL MUTHIM','M.Pd Drs','S2','88203','001010  ',1567),(16886,'SURIANATA','M.Hum Drs','S2','88203','001010  ',1567),(16887,'NANIK MARIANI','M.Pd','S2','88203','001010  ',1567),(16888,'FATCHUL MU IN','M.Hum Drs','S2','88203','001010  ',1567),(16889,'CAYANDRAWATI SUTIONO',' Dra','S2','88203','001010  ',1567),(16890,'SIRAJUDDIN KAMAL','M. Ed S.S.','S2','88203','001010  ',1567),(16891,'NOVITA TRIANA','M.A S.Pd','S2','88203','001010  ',1567),(16892,'JUMARIATI',' S.Pd','S2','88203','001010  ',1567),(16893,'NOOR EKA CHANDRA',' S.Pd','S2','88203','001010  ',1567),(16894,'ASMI RUSMANAYANTI',' S.Pd','S2','88203','001010  ',1567),(16895,'ELVINA ARAPAH','M.Pd S.Pd','S2','88203','001010  ',1567),(16896,'NOR JANNAH','','S2','88203','001010  ',1567),(16897,'MOHAMMAD YAMIN','M.Pd M.Pd','S2','88203','001010  ',1567),(16898,'EMMA ROSANA FEBRIYANTI',' S.Pd','S2','88203','001010  ',1567),(16899,'DINI NOOR ARINI','M.Pd S.Pd','S2','88203','001010  ',1567),(16900,'RINA LISTIA','Dra','S1','88203','001010  ',1567),(16901,'ANDRI RAHARDIAN','S.S.','S1','88203','001010  ',1567),(16902,'NOOR ICHSAN HAYANI','','S2','84205','001010  ',1568),(16903,'MUCHYAR','','S2','84205','001010  ',1568),(16904,'HARDIANSYAH','M.Si','S2','84205','001010  ',1568),(16905,'AKHMAD NAPARIN','M.Si','S2','84205','001010  ',1568),(16906,'SAID ABDILLAH','M.Pd','S2','84205','001010  ',1568),(16907,'NOORHIDAYATI','','S2','84205','001010  ',1568),(16908,'BUNDA HALANG','M.T','S2','84205','001010  ',1568),(16909,'KASPUL','M.Si Drs','S2','84205','001010  ',1568),(16910,'AULIA AJIZAH','M.Kes Dra','S2','84205','001010  ',1568),(16911,'SITI WAHIDAH ARSYAD','','S2','84205','001010  ',1568),(16912,'ARIATI ASNAWI','','S1','84205','001010  ',1568),(16913,'MAHRUDIN, S.PD, M. PD','','','84205','001010  ',1568),(16914,'RUSLAN',' Sp.A Dr','S3','11201','001010  ',1569),(16915,'NIA KARNIA','','S3','11201','001010  ',1569),(16916,'ZAIRIN NOOR HELMI','Dr M.M.  Dr','S3','11201','001010  ',1569),(16917,'ROSELINA PANGHIYANGANI','Dr  S.Si','Sp-2','11201','001010  ',1569),(16918,'FUJIATI',' Dra','S2','11201','001010  ',1569),(16919,'EDI HARTOYO','Sp.A  Dr','S2','11201','001010  ',1569),(16920,'ERIDA WYDIAMALA','M.Kes drh.','S2','11201','001010  ',1569),(16921,'AGUNG BIWORO','M.Kes Dr','S2','11201','001010  ',1569),(16922,'LIA YULIA BUDIARTI','M.Kes Dra','S2','11201','001010  ',1569),(16923,'LISDA HAYATIE','M.Kes S.Ked','S2','11201','001010  ',1569),(16924,'DJALLALLUDDIN','M.Kes Dr','S2','11201','001010  ',1569),(16925,'EKO SUHARTONO','M.Si Drs','S2','11201','001010  ',1569),(16926,'IKA KUSTIYAH OKTAVIYANTI','M.Kes  Dr','S2','11201','001010  ',1569),(16927,'MOHAMMAD RUDIANSYAH','M.Kes Dr','S2','11201','001010  ',1569),(16928,'LENA ROSIDA','M.Kes Dr','S2','11201','001010  ',1569),(16929,'AHMAD HUSAIRI','M.Ag Dr','S2','11201','001010  ',1569),(16930,'NUR QAMARIAH','M.Kes Dr','S2','11201','001010  ',1569),(16931,'TRIAWANTI','M.Kes Dr','S2','11201','001010  ',1569),(16932,'DEWI INDAH NOVIANA PRATIWI','M.Kes  S.Ked','S2','11201','001010  ',1569),(16933,'NURUL HIDAYAH',' Dr','S2','11201','001010  ',1569),(16934,'ASNAWATI','M.Si Dr','S2','11201','001010  ',1569),(16935,'DIDIK DWI SANYOTO','M.Kes Dr','S2','11201','001010  ',1569),(16936,'IHYA RIDLO NIZOMY','M.Kes  Dr','S2','11201','001010  ',1569),(16937,'AGUNG ARI WIBOWO',' Sp.B','S2','11201','001010  ',1569),(16938,'HUSNA DHARMA PUTERA','M.Si  S.Ked','S2','11201','001010  ',1569),(16939,'ISNAINI',' S.Si','S2','11201','001010  ',1569),(16940,'NOOR MUTHMAINAH','M.Sc Dr','S2','11201','001010  ',1569),(16941,'IWAN AFLANIE',' Dr','S2','11201','001010  ',1569),(16942,'MOHAMMAD BAKHRIANSYAH','M.Kes Dr','S2','11201','001010  ',1569),(16943,'MASHURI','M.Kes Dr S.Ked','S2','11201','001010  ',1569),(16944,'PAGAN PAMBUDI',' Dr','S2','11201','001010  ',1569),(16945,'MUHAMMAD ALI FAISAL','M.Si M.Sc Sp.M Dr S.Ked','S2','11201','001010  ',1569),(16946,'ALFI YASMINA','M.Kes Dr','S2','11201','001010  ',1569),(16947,'FAKHRURRAZY','M.Kes Dr','S2','11201','001010  ',1569),(16948,'SYAMSUL ARIFIN','M.Pd Dr','S2','11201','001010  ',1569),(16949,'ISTIANA','M.Kes Dr','S2','11201','001010  ',1569),(16950,'EKA YUDHA RAHMAN','M.Kes Dr','S2','11201','001010  ',1569),(16951,'RAHMIATI','M.Kes Dr','S2','11201','001010  ',1569),(16952,'HUSNUL KHATIMAH','M.Sc  S.Ked','S2','11201','001010  ',1569),(16953,'SITI WASILAH','M.Si  S.Ked','S2','11201','001010  ',1569),(16954,'NELLY AL AUDHAH','M.Sc Dr','S2','11201','001010  ',1569),(16955,'DR. STEVEN, M.SI.MED. SP.S','M.Si Sp.S S.Ked','S2','11201','001010  ',1569),(16956,'JOHARMAN','M.Si S.Si','S2','11201','001010  ',1569),(16957,'RENNY ADITYA','M.Kes Dr Dr','S2','11201','001010  ',1569),(16958,'ARI YUNANTO','Sp.A Dr','Sp-1','11201','001010  ',1569),(16959,'MIFTAHUL ARIFIN',' Dr','Sp-1','11201','001010  ',1569),(16960,'PRIBAKTI B',' Dr','Sp-1','11201','001010  ',1569),(16961,'IZAAK ZOELKARNAIN AKBAR',' Dr','Sp-1','11201','001010  ',1569),(16962,'SUKSES HADI',' Dr','Sp-1','11201','001010  ',1569),(16963,'MUHAMMAD DARWIN PRENGGONO','Sp.P.D Dr','Sp-1','11201','001010  ',1569),(16964,'SUKA DWI RAHARDJA',' Dr ','Sp-1','11201','001010  ',1569),(16965,'FRANCISCUS XAVERIUS HENDRIYONO','','Sp-1','11201','001010  ',1569),(16966,'HERY POERWOSUSANTA','Sp.B','Sp-1','11201','001010  ',1569),(16967,'FERRY ARMANZA',' Dr','Sp-1','11201','001010  ',1569),(16968,'HENDRA SUTAPA','Sp.U','Sp-1','11201','001010  ',1569),(16969,'ANDREAS MARO JAHAN HARATUA SIAGIAN',' Dr','Sp-1','11201','001010  ',1569),(16970,'KENANGA MARWAN SIKUMBANG',' Dr','Sp-1','11201','001010  ',1569),(16971,'AZMA ROSIDA',' Dr','Sp-1','11201','001010  ',1569),(16972,'DR. SHERLY LIMANTARA, SP. KJ','','Sp-1','11201','001010  ',1569),(16973,'FAUZAN MUTTAQIEN','','Sp-1','11201','001010  ',1569),(16974,'ZAENAB','Dr ','S1','11201','001010  ',1569),(16975,'HULDANI','Dr ','S1','11201','001010  ',1569),(16976,'INNA MULYANA','Dr Dr','S1','11201','001010  ',1569),(16977,'DWI SETYOHADI','S.Ked Dr','S1','11201','001010  ',1569),(16978,'OSKI ILLIANDRI','Dr ','S1','11201','001010  ',1569),(16979,'BAMBANG SETIAWAN','S.Ked','S1','11201','001010  ',1569),(16980,'ROSIHAN ADHANI','Dr  S.KG','S3','12201','001010  ',1570),(16981,'CHOLIL','M.Kes','S2','12201','001010  ',1570),(16982,'DEWI PUSPITASARI','M.Si S.KG drg','S2','12201','001010  ',1570),(16983,'MAHARANI LAILLYZA APRIASARI','Sp.P.M drg','Sp-1','12201','001010  ',1570),(16984,'FAJAR KUSUMA DWI KURNIAWAN','','Sp-1','12201','001010  ',1570),(16985,'NURDIANA DEWI','','Sp-1','12201','001010  ',1570),(16986,'WIDODO','','S1','12201','001010  ',1570),(16987,'DEBY KANIA TRI PUTRI',' S.KG','S1','12201','001010  ',1570),(16988,'DIDIT ASPRIYANTO','S.KG S.KG','S1','12201','001010  ',1570),(16989,'I WAYAN ARYA KRISHNAWAN FIRDAUS','S.KG drg','S1','12201','001010  ',1570),(16990,'IRNAMANDA D.H','','S1','12201','001010  ',1570),(16991,'ISYANA ERLITA','','S1','12201','001010  ',1570),(16992,'BAYU INDRA SUKMANA','','S1','12201','001010  ',1570),(16993,'DEBBY SAPUTERA','','S1','12201','001010  ',1570),(16994,'DRG. BETA WIDYA OKTIANI','S.K.G drg','S1','12201','001010  ',1570),(16995,'KARINA RAMADHANI','S.K.G drg','S1','12201','001010  ',1570),(16996,'AMY NINDIA CARABELLY','','Profesi','12201','001010  ',1570),(16997,'MUHAMMAD YANUAR ICHROM NAHZI','','','12201','001010  ',1570),(16998,'LUANA NIORITA TENGGUNO','Dr M.M. Drs','S3','87203','001010  ',1571),(16999,'ELIANI DHARMANATA','M.M. Dra','S2','87203','001010  ',1571),(17000,'RIZALI HADI','M.M. Drs','S2','87203','001010  ',1571),(17001,'MUHAMMAD YAHYA',' Drs','S2','87203','001010  ',1571),(17002,'MASRIAH','M.M. Dra','S2','87203','001010  ',1571),(17003,'SRI SETITI','M.M. Dra','S2','87203','001010  ',1571),(17004,'SUPRIYANTO',' Ak','S2','87203','001010  ',1571),(17005,'MUHAMAD KASIM','M.Si','S2','87203','001010  ',1571),(17006,'MAHMUDAH HASANAH','M.Pd S.Pd','S2','87203','001010  ',1571),(17007,'BASERAN NOR',' S.Pd','S2','87203','001010  ',1571),(17008,'MUHAMMAD RAHMATTULLAH','M.Pd S.Pd','S2','87203','001010  ',1571),(17009,'MONRY FRAICK NGRS','M.Pd S.Pd','S2','87203','001010  ',1571),(17010,'MELLY AGUSTINA P','M.Pd S.Pd','S2','87203','001010  ',1571),(17011,'YUNI NOFITASARI','','S1','87203','001010  ',1571),(17012,'ZAINUDDIN','M.Pd','S2','84203','001010  ',1572),(17013,'EKO SUSILOWATI','M.Si S.Pd','S2','84203','001010  ',1572),(17014,'SARAH MIRIAM','M.Pd S.Pd','S2','84203','001010  ',1572),(17015,'SYUBHAN ANNUR',' ','S2','84203','001010  ',1572),(17016,'MASTUANG','M.Pd S.Pd','S2','84203','001010  ',1572),(17017,'MUSTIKA WATI',' S.Pd','S2','84203','001010  ',1572),(17018,'SUYIDNO','','S2','84203','001010  ',1572),(17019,'ANDI ICHSAN MAHARDIKA','','S2','84203','001010  ',1572),(17020,'SRI HARTINI','M.Si','S2','84203','001010  ',1572),(17021,'ROSALINA KUMALAWATI','S.Pi Dr','S3','87202','001010  ',1573),(17022,'DEASY ARISANTY','Dr','S3','87202','001010  ',1573),(17023,'SIDHARTA ADYATMA','M.Si','S2','87202','001010  ',1573),(17024,'NASRUDDIN','','S2','87202','001010  ',1573),(17025,'EVA ALVIAWATI','M.Sc S.Pd','S2','87202','001010  ',1573),(17026,'ELLYN NORMELANI','','S2','87202','001010  ',1573),(17027,'PARIDA ANGRIANI','M.Pd S.Pd','S2','87202','001010  ',1573),(17028,'KARUNIA PUJI HASTUTI','M.Pd S.Pd','S2','87202','001010  ',1573),(17029,'ARIF RAHMAN NUGROHO',' ','S2','87202','001010  ',1573),(17030,'YUSTINUS MARIA NGADIYANA','','S1','87202','001010  ',1573),(17031,'NORMA YUNI KARTIKA','','S1','87202','001010  ',1573),(17032,'NEVY FARISTA ARISTIN','','','87202','001010  ',1573),(17033,'DARMIYATI',' Drs','S3','86207','001010  ',1574),(17034,'MAHLAN ASMAR','M.Pd Drs','S2','86207','001010  ',1574),(17035,'IKE HANANIK','M.Pd Dra','S2','86207','001010  ',1574),(17036,'SUSILAWATI','M.Pd','S2','86207','001010  ',1574),(17037,'RIRIANTI RACHMAYANIE','M.Pd S.Psi','S2','86207','001010  ',1574),(17038,'NOVITAWATI','M.Pd M.T S.Psi S.T','S2','86207','001010  ',1574),(17039,'MUHAMMAD DANI WAHYUDI','M.Pd ','S2','86207','001010  ',1574),(17040,'FANSURI','M.Pd Drs','S2','86206','001010  ',1575),(17041,'ASNIWATI','M.Pd S.Pd S.Pd','S2','86206','001010  ',1575),(17042,'RAFIAH GAZALI','M.Ag Dra','S2','86206','001010  ',1575),(17043,'SUTIYARSO',' S.Pd','S2','86206','001010  ',1575),(17044,'ZULKIPLI','M.Pd Drs','S2','86206','001010  ',1575),(17045,'RAMADI','M.Pd Drs','S2','86206','001010  ',1575),(17046,'KHAIRIL ANWAR','M.Pd Drs','S2','86206','001010  ',1575),(17047,'RADIANSYAH','M.Pd S.Pd','S2','86206','001010  ',1575),(17048,'ASLAMIAH',' Dra','S2','86206','001010  ',1575),(17049,'MAHMUDDIN','M.Pd Drs','S2','86206','001010  ',1575),(17050,'SUNARNO','M.Pd Drs','S2','86206','001010  ',1575),(17051,'YATIN','Drs','S1','86206','001010  ',1575),(17052,'FADHLI KAMIL','S.Pd','S1','86206','001010  ',1575),(17053,'KASTHALANI HAIDA','Dra','S1','86206','001010  ',1575),(17054,'DJOKO LELONO',' M.Pd','S3','85201','001010  ',1579),(17055,'A R SHADIQIN','Dr Drs','S3','85201','001010  ',1579),(17056,'NURDIANSYAH','Dr M.Pd','S3','85201','001010  ',1579),(17057,'TRI IRIANTO','Dr  Drs','S3','85201','001010  ',1579),(17058,'SARMIDI',' Drs','S2','85201','001010  ',1579),(17059,'ATHAR',' Drs','S2','85201','001010  ',1579),(17060,'MA RUFUL KAHRI','M.Pd Drs','S2','85201','001010  ',1579),(17061,'ABDUL HAMID','M.Pd','S2','85201','001010  ',1579),(17062,'SYAMSUL ARIFIN',' S.H.','S2','85201','001010  ',1579),(17063,'HERITA WARNI','M.Pd Dra','S2','85201','001010  ',1579),(17064,'PERDINANTO','M.Pd Drs','S2','85201','001010  ',1579),(17065,'SUNARNO BASUKI',' Drs','S2','85201','001010  ',1579),(17066,'ARIE RAKHMAN',' S.Pd','S2','85201','001010  ',1579),(17067,'RAHMADI',' S.Pd','S2','85201','001010  ',1579),(17068,'MITA ERLIANA','M.Or ','S2','85201','001010  ',1579),(17069,'MASHUD','M.Pd','S2','85201','001010  ',1579),(17070,'EDWIN WAHYU DIRGANTORO','','S2','85201','001010  ',1579),(17071,'EKA PURNAMA INDAH','M.Pd S.Pd','S2','85201','001010  ',1579),(17072,'ACHADIAT SUGIAN','Drs','S1','85201','001010  ',1579),(17073,'SUNARTI',' Dra','S2','84204','001010  ',1580),(17074,'SITI HALIMAH NURDINAH','','S2','84204','001010  ',1580),(17075,'LENY','M.Si','S2','84204','001010  ',1580),(17076,'PARHAM SAADI','M.Si Drs','S2','84204','001010  ',1580),(17077,'IRIANI BAKTI','M.Si Drs','S2','84204','001010  ',1580),(17078,'BAMBANG SUHARTO','M.Si Drs','S2','84204','001010  ',1580),(17079,'ABDUL HAMID','M.Si Drs','S2','84204','001010  ',1580),(17080,'MAHDIAN','M.Si Drs','S2','84204','001010  ',1580),(17081,'MUHAMMAD KUSASI','M.Pd Drs','S2','84204','001010  ',1580),(17082,'RILIA IRIANI','M.Si Dra','S2','84204','001010  ',1580),(17083,'MAYA ISTYADJI','M.Pd Drs','S2','84204','001010  ',1580),(17084,'SYAHMANI','M.Si Drs','S2','84204','001010  ',1580),(17085,'RUSMANSYAH','M.Pd Drs','S2','84204','001010  ',1580),(17086,'ARIF SHOLAHUDDIN','M.Si S.Pd','S2','84204','001010  ',1580),(17087,'YUDHA IRHASYUARNA','M.Pd S.Pd','S2','84204','001010  ',1580),(17088,'ATIEK WINARTI','M.Pd Dra','S2','84204','001010  ',1580),(17089,'SUDARSIH','Dra','S1','84204','001010  ',1580),(17090,'MUHAMMAD ARIFUDDIN','','S1','84204','001010  ',1580),(17091,'HAMSI MANSUR',' S.Pd','S2','86202','001010  ',1581),(17092,'IMAM YUWONO','M.Pd','S2','86202','001010  ',1581),(17093,'UTOMO','M.Pd','S2','86202','001010  ',1581),(17094,'AGUS PRATOMO ANDI WIDODO','M.Pd S.Pd','S2','86202','001010  ',1581),(17095,'SUTARTO HADI',' M.Si Drs','S3','84202','001010  ',1582),(17096,'AISJAH JULIANI NOOR',' Dra','S2','84202','001010  ',1582),(17097,'AGNI DANARYANTI',' Dra','S2','84202','001010  ',1582),(17098,'SUMARTONO','M.Pd Drs','S2','84202','001010  ',1582),(17099,'MUHAIMIN','M.Si Drs','S2','84202','001010  ',1582),(17100,'HARJA SANTANAPURBA','M.Kom','S2','84202','001010  ',1582),(17101,'ISKANDAR ZULKARNAIN','M.Si Drs','S2','84202','001010  ',1582),(17102,'CHAIRIL FAIF PASANI','M.Si Drs','S2','84202','001010  ',1582),(17103,'HIDAYAH ANSORI','M.Si Drs','S2','84202','001010  ',1582),(17104,'R ATI SUKMAWATI','M.Kom','S2','84202','001010  ',1582),(17105,'KARIM','M.Si Drs','S2','84202','001010  ',1582),(17106,'NOOR FAJRIAH','M.Si Dra','S2','84202','001010  ',1582),(17107,'ELLI KUSUMAWATI','M.Pd M.Pd','S2','84202','001010  ',1582),(17108,'SITI MAWADDAH','','S2','84202','001010  ',1582),(17109,'RIZKI AMALIA','S.Pd','S2','84202','001010  ',1582),(17110,'KAMALIYAH','S.Pd','S2','84202','001010  ',1582),(17111,'HAIRANI','Dra','S1','84202','001010  ',1582),(17112,'AKMIL FUADI RAHMAN','Dra','S1','84202','001010  ',1582),(17113,'ASDINI SARI','','','84202','001010  ',1582),(17114,'MUHAMMAD HUSNI','','','84202','001010  ',1582),(17115,'SARBAINI','Dr Drs','S3','87205','001010  ',1583),(17116,'ACEP SUPRIADI',' M.Pd','S3','87205','001010  ',1583),(17117,'HARPANI',' Drs','S2','87205','001010  ',1583),(17118,'FATIMAH','M.Hum Dra','S2','87205','001010  ',1583),(17119,'HERU PUJI WINARSO','M.Si Drs','S2','87205','001010  ',1583),(17120,'ZAINUL AKHYAR',' Drs','S2','87205','001010  ',1583),(17121,'RABIATUL ADAWIAH','M.Si Drs','S2','87205','001010  ',1583),(17122,'DIAN AGUS RUCHLIYADI',' S.Pd','S2','87205','001010  ',1583),(17123,'MARIATUL KIPTIAH','M.Pd S.Pd','S2','87205','001010  ',1583),(17124,'SUROTO','M.Pd S.Pd','S2','87205','001010  ',1583),(17125,'MUHAMMAD ELMY','M.Pd S.Pd','S2','87205','001010  ',1583),(17126,'BAMBANG SUBIYAKTO','M.Hum','S2','87201','001010  ',1584),(17127,'ERSIS WARMANSYAH',' Drs','S2','87201','001010  ',1584),(17128,'HAIRIYADI','M.Hum','S2','87201','001010  ',1584),(17129,'MUHAMMAD MULHIM','M.Pd','S2','87201','001010  ',1584),(17130,'ROCHGIYANTI','M.Si Dra','S2','87201','001010  ',1584),(17131,'YUSLIANI NOOR','M.Pd Drs','S2','87201','001010  ',1584),(17132,'RUSDI EFFENDI','M.Pd Drs','S2','87201','001010  ',1584),(17133,'SYAHARUDDIN',' S.Pd','S2','87201','001010  ',1584),(17134,'MANSYUR','M.Hum S.Pd','S2','87201','001010  ',1584),(17135,'HERI SUSANTO','M.Pd S.Pd','S2','87201','001010  ',1584),(17136,'WISNU SUBROTO','S.S.','S1','87201','001010  ',1584),(17137,'MARYANTO','M.Sn','S2','88209','001010  ',1585),(17138,'EDLIN YANUAR NUGRAHENI','M.Sn S.Sn','S2','88209','001010  ',1585),(17139,'SIGIT RUSWINARSIH','M.Pd S.Sos','S2','87204','001010  ',1586),(17140,'ALFISYAH','M.Hum S.Ag','S2','87204','001010  ',1586),(17141,'YUSUF HIDAYAT','M.Si S.Sos','S2','87204','001010  ',1586),(17142,'TUTUNG NURDIYANA','M.Pd  S.Sos','S2','87204','001010  ',1586),(17143,'NASRULLAH','M.A S.Sos.I','S2','87204','001010  ',1586),(17144,'SYAHLAN MATTIRO','M.Si S.H.','S2','87204','001010  ',1586),(17145,'LUMBAN AROFAH',' M.Sc S.Sos','S2','87204','001010  ',1586),(17146,'YULI APRIATI','M.A S.Sos','S2','87204','001010  ',1586),(17147,'ABDUL SALAM M','S.Pd','S1','87204','001010  ',1586),(17148,'ABRANI SULAIMAN',' Ir','S3','54231','001010  ',1587),(17149,'MUHAMMAD RIZAL','Dr M.Si Ir','S3','54231','001010  ',1587),(17150,'DANANG BIYATMOKO','Dr  Ir','S3','54231','001010  ',1587),(17151,'IKA SUMANTRI','Dr  ','S3','54231','001010  ',1587),(17152,'LILIS HARTATI','Dr M.P ','S3','54231','001010  ',1587),(17153,'BAMBANG IRAWAN',' Ir','S2','54231','001010  ',1587),(17154,'HERLIANI',' Ir','S2','54231','001010  ',1587),(17155,'NURSYAM ANDI SYARIFUDDIN','','S2','54231','001010  ',1587),(17156,'ANIS WAHDI',' S.H.','S2','54231','001010  ',1587),(17157,'MUHAMMAD RIYADHI','M.Si ','S2','54231','001010  ',1587),(17158,'HABIBAH','M.P','S2','54231','001010  ',1587),(17159,'HEMY HERYATI A','M.Sc Dra','S3','73201','001010  ',1589),(17160,'ERMINA ISTIQOMAH','M.Si S.Psi','S2','73201','001010  ',1589),(17161,'ROOSWITA SANTIA DEWI','M.Si S.Psi','S2','73201','001010  ',1589),(17162,'EMMA YUNIARRAHMAH',' S.Psi','S2','73201','001010  ',1589),(17163,'RAHMI FAUZIA',' S.Psi','S2','73201','001010  ',1589),(17164,'DWI NUR RACHMAH',' S.Psi','S2','73201','001010  ',1589),(17165,'SUKMA NOOR AKBAR',' S.Psi','S2','73201','001010  ',1589),(17166,'SILVIA KRISTANTI TRI F',' S.Psi','S2','73201','001010  ',1589),(17167,'NEKA ERLYANI',' S.Psi','S2','73201','001010  ',1589),(17168,'MARINA DWI MAYANGSARI',' S.Psi','S2','73201','001010  ',1589),(17169,'MUHAMMAD SYARIF HIDAYATULLAH','','S2','73201','001010  ',1589),(17170,'RUSDI RUSLI','','S2','73201','001010  ',1589),(17171,'JEHAN SAFITRI','','','73201','001010  ',1589),(17172,'ISNA SYAUQIAH','Dr M.T S.T','S3','24201','001010  ',1602),(17173,'MUTHIA ELMA','Ph.D M.Sc S.T','S3','24201','001010  ',1602),(17174,'IRYANTI FATYASARI NATA',' M.T S.T','S3','24201','001010  ',1602),(17175,'CHAIRUL IRAWAN','Ph.D M.T S.T','S3','24201','001010  ',1602),(17176,'MEILANA DHARMA PUTRA','Ph.D M.Sc S.T','S3','24201','001010  ',1602),(17177,'ARDI HARTONO','M.T S.T','S2','24201','001010  ',1602),(17178,'ABUBAKAR TUHULOULA','M.T S.T','S2','24201','001010  ',1602),(17179,'AGUS MIRWAN','S.T S.T','S2','24201','001010  ',1602),(17180,'FARID FADHILLAH','M.T S.T','S2','24201','001010  ',1602),(17181,'HESTI WIJAYANTI',' S.T','S2','24201','001010  ',1602),(17182,'DONI RAHMAT WICAKSO',' S.T','S2','24201','001010  ',1602),(17183,'PRIMATA MARDINA',' S.T','S2','24201','001010  ',1602),(17184,'LAILAN NI`MAH',' S.T','S2','24201','001010  ',1602),(17185,'YULI RISTIANINGSIH','M.Eng S.T','S2','24201','001010  ',1602),(17186,'ULFIA WIJAYA','S.T','S1','24201','001010  ',1602),(17187,'MAHMUD','Dr M.T S.T','S3','25201','001010  ',1603),(17188,'RONY RIDUAN','S.T M.T S.T','S3','25201','001010  ',1603),(17189,'NOPI STIYATI PRIHATINI','Dr M.T','S3','25201','001010  ',1603),(17190,'BADARUDDIN MU MIN','M.T S.T','S2','25201','001010  ',1603),(17191,'MUHAMMAD SYAHIRUL ALIM','','S2','25201','001010  ',1603),(17192,'RIJALI NOOR','M.T S.T','S2','25201','001010  ',1603),(17193,'Rd. INDAH NIRTHA NILAWATI N.P.','M.Si S.T','S2','25201','001010  ',1603),(17194,'CHAIRUL ABDI','','S2','25201','001010  ',1603),(17195,'ANDY MIZWAR','','S2','25201','001010  ',1603),(17196,'RIZQI PUTERI MAHYUDIN','M.S S.Si','S2','25201','001010  ',1603),(17197,'MUHAMMAD IBNU SA UD','','S1','25201','001010  ',1603),(17198,'AQLI MURSADIN','S.T M.T S.T','S3','21201','001010  ',1604),(17199,'MASTIADI TAMJIDILLAH','M.T S.T','S2','21201','001010  ',1604),(17200,'ABDUL GHOFUR','M.T S.T','S2','21201','001010  ',1604),(17201,'AKHMAD SYARIEF','S.T S.T','S2','21201','001010  ',1604),(17202,'RISWAN','S.T','S2','21201','001010  ',1604),(17203,'MA RUF','M.T S.T','S2','21201','001010  ',1604),(17204,'RACHMAT SUBAGYO','S.T','S2','21201','001010  ',1604),(17205,'ACH. KUSAIRI S.','M.M. M.T S.T','S2','21201','001010  ',1604),(17206,'APIP AMRULLAH','M.Eng S.T','S2','21201','001010  ',1604),(17207,'AGUNG CAHYO LEGOWO','','S1','21201','001010  ',1604),(17208,'RAHMA YASMINA SALEH','S.T','S1','21201','001010  ',1604),(17209,'NURHAKIM','M.T S.T','S2','31201','001010  ',1605),(17210,'UYU SAISMAMA','S.T S.T','S2','31201','001010  ',1605),(17211,'ROMLA NOOR HAKIM','M.T S.T','S2','31201','001010  ',1605),(17212,'AGUS TRIANTORO','M.T S.T','S2','31201','001010  ',1605),(17213,'ADIP MUSTOFA','S.T','S1','31201','001010  ',1605),(17214,'MARSELINUS UNTUNG DWIATMOKO','S.T','S1','31201','001010  ',1605),(17215,'SUSANTO BASUKI','S.T','S1','31201','001010  ',1605),(17216,'ANNISA','S.T','S1','31201','001010  ',1605),(17217,'EKO SANTOSO','','','31201','001010  ',1605),(17218,'ACHMAD RUSDIANSYAH','Dr M.T Ir','S3','22201','001010  ',1606),(17219,'RUSTAM EFFENDI','Ph.D  S.T','S3','22201','001010  ',1606),(17220,'SYAHRIL TAUFIK',' S.T','S3','22201','001010  ',1606),(17221,'YULIAN FIRMANA ARIFIN','S.T M.T S.T','S3','22201','001010  ',1606),(17222,'IRFAN PRASETIA','PhD M.T S.T','S3','22201','001010  ',1606),(17223,'ZAINAL ABIDIN','M.T Ir','S2','22201','001010  ',1606),(17224,'ASRUL ARIFIN','M.T Ir','S2','22201','001010  ',1606),(17225,'ISKANDAR','M.T Ir','S2','22201','001010  ',1606),(17226,'ROSEHAN ANWAR','M.T S.T','S2','22201','001010  ',1606),(17227,'YUSLAN IRIANIE','M.T Ir','S2','22201','001010  ',1606),(17228,'BENGAWAN LIBERTUS KOSASIH','M.T Ir','S2','22201','001010  ',1606),(17229,'SYAFRUDDIN',' S.T','S2','22201','001010  ',1606),(17230,'HOLDANI KURDI','M.T Ir','S2','22201','001010  ',1606),(17231,'YASRUDDIN','M.T S.T','S2','22201','001010  ',1606),(17232,'ADRIANI','M.T S.T','S2','22201','001010  ',1606),(17233,'RETNA HAPSARI KARTADIPURA','M.T Ir','S2','22201','001010  ',1606),(17234,'RUSLIANSYAH','M.Sc S.T','S2','22201','001010  ',1606),(17235,'MARKAWIE','M.T Ir','S2','22201','001010  ',1606),(17236,'FAUZI RAHMAN','M.T Ir','S2','22201','001010  ',1606),(17237,'HANAFI BASRI','M.Sc S.T','S2','22201','001010  ',1606),(17238,'RATNI NURWIDAYATI','M.T Ir','S2','22201','001010  ',1606),(17239,'IDA BARKIAH','M.T Ir','S2','22201','001010  ',1606),(17240,'HUTAGAMISSUFARDAL','M.T S.T','S2','22201','001010  ',1606),(17241,'HUDA RUZHANAH','M.T S.T','S2','22201','001010  ',1606),(17242,'GAWIT HIDAYAT','M.T S.T','S2','22201','001010  ',1606),(17243,'CANDRA YULIANA','M.T S.T','S2','22201','001010  ',1606),(17244,'RUSDIANSYAH','M.T S.T','S2','22201','001010  ',1606),(17245,'DARMANSYAH TJITRADI','M.T S.T','S2','22201','001010  ',1606),(17246,'ELIATUN','M.T S.T','S2','22201','001010  ',1606),(17247,'NOVITASARI','M.T S.T','S2','22201','001010  ',1606),(17248,'NILNA AMAL',' S.T','S2','22201','001010  ',1606),(17249,'NOORDIAH HELDA',' S.T','S2','22201','001010  ',1606),(17250,'ARIE FEBRY FARDHENY','M.T S.T','S2','22201','001010  ',1606),(17251,'NURSIAH CHAIRUNNISA',' S.T','S2','22201','001010  ',1606),(17252,'MUHAMMAD AZHARI NOOR',' S.T','S2','22201','001010  ',1606),(17253,'PUGUH BUDI PRAKOSO',' S.T','S2','22201','001010  ',1606),(17254,'HUSNUL KHATIMI','S.T S.T','S2','22201','001010  ',1606),(17255,'ULFA FITRIATI',' S.T','S2','22201','001010  ',1606),(17256,'UTAMI SYLVIA LESTARI','M.T S.T','S2','22201','001010  ',1606),(17257,'MAYA AMALIA',' S.T','S2','22201','001010  ',1606),(17258,'AULIA ISRAMAULANA','M.T S.T','S2','22201','001010  ',1606),(17259,'MUHAMMAD AFIEF MA RUF','M.T S.T','S2','22201','001010  ',1606),(17260,'WIKU ADHIWICAKSANA KRASNA','','S2','22201','001010  ',1606),(17261,'LUTHER MANGALIK','Ir','S1','22201','001010  ',1606),(17262,'MAHYAR DIANA','Ir','S1','22201','001010  ',1606),(17263,'RUSBAINAH IDUR','Ir','S1','22201','001010  ',1606),(17264,'MOHAMMAD BUSERA','Ir','S1','22201','001010  ',1606),(17265,'ZAIN HERNADY ARIFIN','Ir','S1','22201','001010  ',1606),(17266,'KUMALA SARI','Dra','S1','22201','001010  ',1606),(17267,'MUHAMAD SYAMSUNI','Ir','S1','22201','001010  ',1606),(17268,'AGUSTIANA','Dr M.P Ir','S3','54244','001010  ',1607),(17269,'DEWI KARTIKA SARI','Dr M.P Ir','S3','54244','001010  ',1607),(17270,'NOORYANTINI SOETIKNO','M.P Ir','S2','54244','001010  ',1607),(17271,'SITI AISYAH','M.P Ir','S2','54244','001010  ',1607),(17272,'RITA KHAIRINA',' Ir','S2','54244','001010  ',1607),(17273,'JUHANA SUHANDA','M.P Ir','S2','54244','001010  ',1607),(17274,'PURNOMO','M.P Ir','S2','54244','001010  ',1607),(17275,'RABIATUL ADAWYAH','M.P Ir','S2','54244','001010  ',1607),(17276,'IWAN SETIAWAN','M.P Ir','S2','54244','001010  ',1607),(17277,'IIN KHUSNUL KHOTIMAH','M.P ','S2','54244','001010  ',1607),(17278,'CANDRA',' ','S2','54244','001010  ',1607),(17279,'HAFNI RAHMAWATI',' ','S2','54244','001010  ',1607),(17280,'FINDYA PUSPITASARI',' ','S2','54244','001010  ',1607),(17281,'HESTY HERYANI','Dr M.Si Ir','S3','41211','001010  ',1608),(17282,'ARIEF RAHMAD MAULANA AKBAR','','S3','41211','001010  ',1608),(17283,'RINI HUSTIANY','Dr  ','S3','41211','001010  ',1608),(17284,'AGUNG NUGROHO','Ph.D M.Sc S.TP','S3','41211','001010  ',1608),(17285,'TANWIRUL MILLATI',' Ir','S2','41211','001010  ',1608),(17286,'UDIANTORO','M.Si S.P','S2','41211','001010  ',1608),(17287,'SUSI',' ','S2','41211','001010  ',1608),(17288,'ALIA RAHMI',' S.TP','S2','41211','001010  ',1608),(17289,'LYA AGUSTINA','M.Si ','S2','41211','001010  ',1608),(17290,'HISYAM MUSTHAFA AL HAKIM','M.Sc S.TP','S2','41211','001010  ',1608),(17291,'ALAN DWI WIBOWO','','S1','41211','001010  ',1608),(17292,'KADIR','M.Si','S2','62901','001010  ',1610),(17293,'NORLENA','M.S.Ak S.E.','S2','62901','001010  ',1610),(17294,'CHAIRINA','M.Si','S2','62901','001010  ',1610),(17295,'MOHAMMAD DJAPERI','','S1','62901','001010  ',1610),(17296,'HASYIM FACHIR','Sp.S Dr','Sp-1','11901','001010  ',1611),(17297,'SUSTINAH LIMARYANI',' Dra','S2','62401','001010  ',1614),(17298,'NOVIKA ROSARI','','S2','62401','001010  ',1614),(17299,'KASYFUL ANWAR','M.Si','S2','62401','001010  ',1614),(17300,'AYU OKTAVIANI','M.Si S.E.','S2','62401','001010  ',1614),(17301,'MONICA RAHARDIAN ARY HELMINA','M.Si S.E.','S2','62401','001010  ',1614),(17302,'MUHAMMAD NORDIANSYAH','M.Ak. S.E.','S2','62401','001010  ',1614),(17303,'SITI MUTMAINAH ZULFARIDATULYAQ','M.T Dra','S2','63421','001010  ',1616),(17304,'MUHAMMAD EFFENDI','M.S Drs','S2','63421','001010  ',1616),(17305,'SAIPUDIN','M.Si S.E.','S2','63421','001010  ',1616),(17306,'FATIMAH','M.Si','S2','63421','001010  ',1616),(17307,'ALI WARDHANA','M.Si S.P','S2','63421','001010  ',1616),(17308,'RINI RAHMAWATI','M.M. S.E.','S2','63421','001010  ',1616);
/*!40000 ALTER TABLE `tmst_prodi_dosen` ENABLE KEYS */;
UNLOCK TABLES;

--
-- Table structure for table `tmst_prodi_profil`
--

DROP TABLE IF EXISTS `tmst_prodi_profil`;
/*!40101 SET @saved_cs_client     = @@character_set_client */;
/*!40101 SET character_set_client = utf8 */;
CREATE TABLE `tmst_prodi_profil` (
  `id` int(11) unsigned NOT NULL DEFAULT '0',
  `status` varchar(100) DEFAULT NULL,
  `tanggal_berdiri` varchar(100) DEFAULT NULL,
  `no_sk` varchar(100) DEFAULT NULL,
  `tanggal_sk` varchar(100) DEFAULT NULL,
  `rasio_dosen_mhs` varchar(100) DEFAULT NULL,
  `alamat` varchar(512) DEFAULT NULL,
  `kode_pos` varchar(100) DEFAULT NULL,
  `telepon` varchar(100) DEFAULT NULL,
  `fax` varchar(100) DEFAULT NULL,
  `email` varchar(100) DEFAULT NULL,
  `website` varchar(100) DEFAULT NULL,
  `gelar` varchar(100) DEFAULT NULL,
  `deskripsi` text,
  `visi` text,
  `misi` text,
  `kompetensi` text,
  `capaian` text,
  `kode_prodi` varchar(100) DEFAULT NULL,
  `kode_pt` varchar(100) DEFAULT NULL,
  `id_prodi` int(11) DEFAULT NULL,
  PRIMARY KEY (`id`),
  KEY `kode_prodi` (`kode_prodi`),
  KEY `kode_pt` (`kode_pt`),
  KEY `id_prodi` (`id_prodi`)
) ENGINE=InnoDB DEFAULT CHARSET=latin1;
/*!40101 SET character_set_client = @saved_cs_client */;

--
-- Dumping data for table `tmst_prodi_profil`
--

LOCK TABLES `tmst_prodi_profil` WRITE;
/*!40000 ALTER TABLE `tmst_prodi_profil` DISABLE KEYS */;
INSERT INTO `tmst_prodi_profil` VALUES (1526,'Aktif','23 Juli 2013 ','285/E/O/2013','2013-07-23','1 : 5','-','','','','','','','','','','','','54001','001010  ',1515),(1527,'Aktif','10 Agustus 2007 ','13937/D/T/K-N/2012                      ','2012-12-20','1 : 0.7','-','','0511-7336726','0511-4774824','msapunlam@yahoo.com','www.msap-unlam.ac.id','','',' ',' ',' ','','95105','001010  ',1516),(1528,'Aktif','29 April 1999 ','4268/D/T/K-N/2010                       ','2010-11-05','1 : 4.2','-','','05114773654','05114773654','psps_pascagro@yahoo.com','pascasarjana.unlam.ac.id','','',' ',' ',' ','','54104','001010  ',1517),(1529,'Aktif','2 Agustus 2001 ','11961/D/T/K-N/2012                      ','2012-05-14','1 : 7.4','-','','05117405907','0511481676','unlam.s2.epn@gmail.com','pascasarjana.unlam.ac.id','','',' ',' ',' ','','54102','001010  ',1518),(1530,'Aktif','31 Desember 2010 ','263/D/O/2010                            ','2010-12-31','1 : 7.3','-','','','','','','','','','','','','63111','001010  ',1519),(1531,'Aktif','12 November 2004 ','11962/D/T/K-N/2012                      ','2012-05-14','1 : 6.8','-','','0511-3307718        ',' ','mapunlam@yahho.com                      ','http://pasca.unlam.ac.id','','',' ',' ',' ','','63101','001010  ',1520),(1532,'Aktif','17 April 2006 ','6581/D/T/K-N/2011                       ','2011-04-21','1 : 9','-','','0511-3301511','0511-3301511 ','programmep_feunlam@yahoo.co.id      ','fe.unlam.ac.id','','',' ',' ',' ','','60101','001010  ',1521),(1533,'Aktif','26 Juli 2000 ','6608/D/T/K-N/2011                       ','2011-04-25','1 : 5','-','','05113305255  ','05113305255','pascaid@yahoo.com                   ',' ','','',' ',' ',' ','','74101','001010  ',1522),(1534,'Aktif','25 Februari 2002 ','2913/D/T/K-N/2010                       ','2010-07-12','1 : 2.3','-','','05114780886  ','05114780886','s2kehutanan@gmail.com              ','magister.fahutan-unlam.ac.id','','',' ',' ',' ','','54151','001010  ',1523),(1535,'Aktif','19 Mei 2014 ','455/E.E2/DT/2014','2014-05-19','',' ',' ','','','','','','','','','','','13101     ','001010  ',1524),(1536,'Aktif','14 Juli 2009 ','12654/D/T/K-N/2012                      ','2012-07-31','1 : 1.5','-','','(0511) 7457733','05113304968','info@mip-fisipunlam.ac.id                        ','www.mip-fisipunlam.ac.id','','',' ',' ',' ','','65101','001010  ',1525),(1537,'Aktif','20 Oktober 2007 ','2813/D/T/2007                    ','2007-09-28','1 : 6.3','-','','05114772124         ','','s2perikanan_unlam@yahoo.co.id           ','','','','','','','','54141','001010  ',1526),(1538,'Aktif','19 Mei 2014 ','455/E.E2/DT/2014','2014-05-19','',' Jalan Brigjen H Hasan Basri','70123','','','','','','','','','','','84101     ','001010  ',1527),(1539,'Aktif','19 Mei 2014 ','445/E.E2/DT/2014','2014-05-19','','Jalan Brigjen H Hasan Basri ','70123','','','','','','','','','','','85101     ','001010  ',1528),(1540,'Aktif','12 Februari 2013 ','52/E/O/2013                             ','2013-02-12','','-','','','','','','','','','','','','74102','001010  ',1529),(1541,'Aktif','22 November 2001 ','15440/D/T/K-N/2013                      ','2013-04-09','1 : 8.9','-','','0511-3302593','0511-3302593','pmm_unlam@yahoo.com              ','mm-unlam.ac.id','','',' ',' ',' ','','61101','001010  ',1530),(1542,'Aktif','10 Juni 2003 ','4081/D/T/K-N/2009                       ','2009-12-22','1 : 0.8','-','','05117470880         ','',' ','','','','','','','','86104','001010  ',1531),(1543,'Aktif','25 Januari 2002 ','6339/D/T/K-N/2011                       ','2011-04-15','1 : 12','-','','0511 3308295      ','0511 3308295',' ',' ','','',' ',' ',' ','','88101','001010  ',1532),(1544,'Aktif','27 Mei 2009 ','11963/D/T/K-N/2012                      ','2012-05-14','1 : 0.3','-','','0511-7119105   ',' ','pascabiologiunlam@gmail.com           ','pascasarjana.unlam.ac.id/pendidikan-biologi','','',' ',' ',' ','','84105','001010  ',1533),(1545,'Aktif','19 Mei 2014 ','445/E.E2/DT/2014','2014-05-19','','Jalan Brigjen H Hasan Basri','70123','','','','','','','','','','','86107     ','001010  ',1534),(1546,'Aktif','5 Oktober 2009 ','11964/D/T/K-N/2012                      ','2012-05-14','1 : 9.7','-','','0511-3304415','0511-3304415','magister_pendidikanips@rocketmail.com             ',' ','','',' ',' ',' ','','87120','001010  ',1535),(1547,'Aktif','3 April 2002 ','2972/D/T/K-N/2010                       ','2010-07-13','1 : 9.9','-','','(0511) 4777055     ','(0511) 4777055','pspsda_unlambjb@yahoo.com      ','pascasarjana.unlam.ac.id/psdal','','',' ',' ',' ','','95101','001010  ',1536),(1548,'Aktif','28 September 2001 ','5166/D/T/K-N/2011                       ','2011-01-11','1 : 5','-','','0511-3304503     ','0511-3304503','psmts@teknikunlam.ac.id             ',' ','','',' ',' ',' ','','22101','001010  ',1537),(1549,'Aktif','11 Juli 1996 ','5172/D/T/K-N/2011                       ','2011-01-11','1 : 19.4','-','','0511-4772254   ','0511-4772254','faperta_unlambjb@yahoo.com                       ','faperta.unlam.ac.id','','',' ',' ',' ','','54201','001010  ',1538),(1550,'Aktif','18 Mei 1999 ','5176/D/T/K-N/2011                       ','2011-01-11','1 : 7.8','-','','0511-4772124','0511-4772124','sepfiunlam@yahoo.com                    ','http://fpk.unlam.ac.id','','','menjadi program studi\nyang unggul di bidang pengembangan wirausaha agrobisnis\nperikanan dan kelautan di indonesia pada\ntahun 2025','mengembangkan manajemen pendidikan dan pengajaran di\nbidang agrobisnis perikanan dan kelautan yang berlandaskan kompetensi secara\nefektif dan efisien \n\nmengembangkan kurikulum yang relevan dengan keilmuan\nagrobisnis perikanan dan kelautan yang\ndidukung oleh substansi moral, jiwa kewirausahaan dan profesionalisme. \n\nmengembangkan ilmu pengetahuan dan teknologi agrobisnis\nperikanan dan kelautan melalui\npenelitian sesuai dengan kebutuhan\npembangunan sosial ekonomi perikanan. \n\nmengembangkan dan memanfaatkan ipteks yang relevan pada\npembangunan agrobisnis perikanan dan kelautan.\n\nmengembangkan kerjasama di bidang penelitian dan\npengabdian',' ','','54245','001010  ',1539),(1551,'Aktif','11 Juli 1996 ','5173/D/T/K-N/2011                       ','2011-01-11','1 : 0.1','-','','(0511)4772254       ',' ','info@faperta.unlam.ac.id                ','faperta.unlam.ac.id','','',' ',' ',' ','','54211','001010  ',1540),(1552,'Aktif','11 Juli 1996 ','6617/D/T/K-N/2011                       ','2011-04-26','1 : 7.5','-','','0511-3305116-107','(0511)3305116','fe-unlam@indo.net.id               ','fe.unlam.ac.id','','','Menjadi salah satu program studi terkemuka di indonesia bagian timur pada tahun 2015 dalam penyelenggaraan\npendidikan dan penerapan ilmu pengetahuan di bidang akuntansi.\n\n','\n\n1.\nmenyelenggarakan dan mengembangkan proses pendidikan / pengajaran yang berkualitas\ndengan didukung oleh tenaga-tenaga profesional.\n\n2.\nmengembangkan ipteks melalui penyelenggaraan riset yang berkualitas dalam\nbidang akuntansi.\n\n3.\nmenyelenggarakan kegiatan pengabdian yang berkualitas bagi pemerintah dan\nmasyarakat.\n\n',' ','','62201','001010  ',1541),(1553,'Aktif','22 Oktober 1998 ','5168/D/T/K-N/2011                       ','2011-01-11','1 : 12.5','-','','05114773858     ',' ','lily.unlambjm@gmail.com                 ',' ','','',' ',' ',' ','','23201','001010  ',1542),(1554,'Aktif','18 Juni 2009 ','10117/D/T/K-N/2012                      ','2012-01-16','1 : 39.8','-','',' ','',' ','','','','','','','','86201','001010  ',1543),(1555,'Aktif','25 Agustus 2000 ','5170/D/T/K-N/2011                       ','2011-01-11','1 : 9.3','-','','+625114773868       ',' ','fmipa_unlam@plasa.com                   ','fmipa.unlam.ac.id','','',' ',' ',' ','','46201','001010  ',1544),(1556,'Aktif','11 Juli 1996 ','6614/D/T/K-N/2011                       ','2011-04-26','1 : 4.8','-','','05114772124    ','05114772124','ps_bpunlam@unlam.ac.id             ','faperikan.unlam.ac.id','','',' ',' ',' ','','54243','001010  ',1545),(1557,'Aktif','11 Juli 1996 ','6615/D/T/K-N/2011                       ','2011-04-26','1 : 14.5','-','','0511-3305116        ',' ','unlambjm@yahoo.com                      ','fe.unlam.ac.id','','',' ',' ',' ','','60201','001010  ',1546),(1558,'Aktif','7 Desember 2005 ','9417/D/T/K-N/2011                       ','2011-10-31','1 : 25.6','-','','0511 4773868        ',' ','fmipa_unlam@plasa.com                   ','fmipa.unlam.ac.id','','',' ',' ',' ','','48201','001010  ',1547),(1559,'Aktif','12 November 2004 ','9414/D/T/K-N/2011                       ','2011-10-31','1 : 7.6','-','','05114773112      ','05114782899','fmipa_unlam@plasa.com                   ','fmipa.unlam.ac.id','','','menjadi  program  studi  yang  profesional  dalam  sains  dan  aplikasinya  dibidang fisika, dalam rangka pengembangan iptek yang berwawasan lingkungan dan layanan kepada masyarakat yang diakui ditingkat nasional dan internasional.','1.menyelenggarakan  pendidikan  dibidang  fisika  untuk  menghasilkan  lulusan  yang berkualitas tinggi dan sesuai dengan kebutuhan pasar kerja serta siap melanjutkan ke jenjang yang lebih tinggi,2.meningkatkan  kegiatan  penelitian  dibidang  fisika  di  tingkat  nasional  maupun internasional,3.meningkatkan     kegiatan     pengabdian     pada     masyarakat     dalam     rangka menyebarluaskan bidang fisika dan penerapannya,4.memberdayakan    laboratorium    menjadi    laboratorium    pendidikan,    riset    dan laboratorium layanan masyarakat,5.meningkatkan   kemampuan   staf   pengajar   melalui   pendidikan   lanjutan   dan pelatihan',' ','','45201','001010  ',1548),(1560,'Hapus','15 April 2011 ','518/E/T/2011                            ','2011-04-15','','-','','','','','','','','','','','','74235','001010  ',1549),(1561,'Aktif','11 Juli 1996 ','6620/D/T/K-N/2011                       ','2011-04-26','1 : 16.3','-','','05113304595     ',' ','b3dangsanak@yahoo.com                   ','http://fisip.unlam.ac.id/web/program-studi-ilmu-adm-bisnis/','','',' ',' ',' ','','63211','001010  ',1550),(1562,'Aktif','11 Juli 1996 ','145/E/O/2013                            ','2013-04-22','1 : 0.1','-','','05117406642         ',' ',' ',' ','','','visi  yang  akan  dituju  oleh  program  studi  administrasi  negara  yang  ditetapkanpuncaknya pada tahun 2016 adalah: menjadi lembaga pendidikan dan penelitianserta pengabdian kepada masyarakatyang berdaya saing tinggidi tingkatregionaldannasionalsertamenghasilkan  sumber  daya  manusia  (sdm)  yangberakhlakdanberkualitasuntuk bidang ilmu administrasi publik.','untuk mencapai visi tersebut, maka dibuatlah misi sebagai berikut:1.menyelenggarakan pendidikan yang berkualitas dalam rangka mencerdaskankehidupan  bangsa  dan  daerah  yang  berwawasan  nasional  dan  internasionaldalam ilmu administrasi publik.2.menghasilkan  sarjana  administrasi  publik  yang  bermoral,  tangguh,  danberjiwa pemimpin berdasarkan jati diri bangsa dan banua3.meningkatkan  kualitas  penelitian  dan  pengabdian  kepada  masyarakat  yangmenopang    pendidikan,    kemajuan    iptek,    pengayaan    kultural,    sertapembangunan  di  daerah  dan  nasional  atas  dasar  tanggung  jawab  dan  demikepentingan publik.4.menjalin kerja sama yang berkelanjutan dengan lembaga pemerintah, lsm,pihak asing, dunia usaha dan masyarakat.5.menyelenggarakan  manajemen  pengelolaan  program  studi  yang  transparan,akuntabel    danterintegrasi    untuk    menunjang    kegiatantridharma    dilingkungan program studi, fakultas dan universitas yang lebih baik.6.melakukan  perencanaan,  implementasi  dan  evaluasi  dari  berbagai  aktivitasprogram  studi  yang  dimaktub  dalam  akreditasi,  kebijakan  mutu,  standarmutu   dan   manual   mutu   pendidikan   program   studi   administrasi   negaraberdasarkan ketentuan-ketentuan yang berlaku.',' ','','63201','001010  ',1551),(1563,'Aktif','11 Juli 1996 ','84/DIKTI/KEP/2007                       ','2007-04-02','1 : 23.3','-','','85952738133','(0511)3305648','hmi_rif@yahoo.com          ','http:// fh.unlam.ac.id','','','fakultas hukum unlam mempunyai visi untuk menjadi salah satu lembaga pendidikan tinggi\nhukum terkemuka di kawasan indonesia timur pada tahun 2018.\n','1.\nmeningkatkan kualitas dan kuantitas pendidikan dan\npengajaran:\n\n2.\nmeningkatkan kualitas dan kuantitas penelitian hukum yang\ndapat digunakan dan dimanfaatkan bagi pengembangan ilmu hukum dan stakeholder\n.\n\n3. meningkatkan kualitas\ndan kuantitas pengabdian masyarakat sehingga membentuk budaya hukum masyarakat.\n\n4.\nmenghasilkan lulusan yang mempunyai kompetensi dan daya\nsaing tinggi.\n\n',' ','','74201','001010  ',1552),(1564,'Aktif','29 November 2007 ','4765/D/T/K-N/2010                       ','2010-12-08','1 : 7','-','','0511-4772124   ','0511-4772124','ikl@unlam.ac.id          ','faperikan.unlam.ac.id','','',' ',' ',' ','','54241','001010  ',1553),(1565,'Aktif','24 Maret 2008 ','2970/D/T/K-N/2010                       ','2010-07-13','1 : 22.3','JL. A. YANI KM. 36,0 BANJARBARU','70714','05114781048  ','05114781048','psik.keperawatan.unlam@gmail.com','fk.unlam.ac.id','','','Psik\n  fk unlam akan menjadi program studi yang unggul dan terdepan dalam\n  penyelenggaraan tri dharma perguruan tinggi untuk menghasilkan lulusan yang\n  bermoral, berwawasan dan berkemampuan iptek keperawatan. memiliki kemandirian\n  dalam pengembangan ilmu pengetahuan dan teknologi keperawatan yang\n  berorientasi pada kebutuhan pembangunan.\n','\n1.\n  mengembangkan penyelenggaraan pendidikan keperawatan dengan standar nasional\n  yang menghasilkan sdm keperawatan\n  sebagai pendukung pembangunan nasional didukung oleh staf\n  profesional.\n    2. menyenggarakan penelitian yang mengasilkan iptek keperawatan sesuai\n  dengan kebutuhan prioritas pembangunan nasional.\n    3. menyelenggarakan pengabdian masyarakat dan menyebarluaskan iptek\n  keperawatan untuk meningkatkan kualitas hidup masyarakat.\n\n',' ','','14201','001010  ',1554),(1566,'Aktif','31 Juli 2006 ','1705/D/T/K-N/2009                       ','2009-03-31','1 : 27.5','-',' ','0511-4773112        ',' ','fmipa_unlam@plasa.com                   ','fmipa.unlam.ac.id','','',' ',' ',' ','','57201','001010  ',1555),(1567,'Aktif','5 Maret 2008 ','2973/D/T/K-N/2010                       ','2010-07-13','1 : 18.7','-','','0511-3304595        ',' ','fisipunlam@ac.id                        ','fisip.unlam.ac.id','','',' ',' ',' ','','70201','001010  ',1556),(1568,'Aktif','11 Juli 1996 ','10115/D/T/K-N/2012                      ','2012-01-16','1 : 15.4','-','','3304595             ','',' ','','','','','','','','65201','001010  ',1557),(1569,'Aktif','16 April 2013 ','117/E/O/2013                            ','2013-04-16','1 : 0.9','-','','','','','','','','','','','','54294','001010  ',1558),(1570,'Aktif','11 Juli 1996 ','5178/D/T/K-N/2011                       ','2011-01-11','1 : 4.2','-','','0511-4772290','0511-4772290','programstudikehutanan@yahoo.co.id        ','fahutan.unlam.ac.id','','',' ',' ',' ','','54251','001010  ',1559),(1571,'Aktif','13 April 2004 ','1073/D/T/K-N/2009                       ','2009-02-23','1 : 11.6','-','','0511- 4772747','0511- 4772747','publichealth.unlam@gmail.com','kesmas-unlam.com','','',' ',' ',' ','','13201','001010  ',1560),(1572,'Aktif','25 Agustus 2000 ','5171/D/T/K-N/2011                       ','2011-01-11','1 : 9.4','-','','0511 4772428        ',' ','fmipa_unlam@plasa.com                   ','fmipa.unlam.ac.id','','',' ',' ','Kompetensi utama :\\015\\012\\015\\012a1.   menguasai dasar ilmu kimia dan penerapannya\\015\\012\\015\\012a2.   mampu melaksanakan eksperimen kimia\\015\\012\\015\\012a3.   mampu mengoperasikan instrumentasi dasar kimia\\015\\012\\015\\012a4.   mampu menganalisis masalah kimia dan pemecahannya\\015\\012\\015\\012a5.   mampu mengikuti perkembangan dan informasi kimia\\015\\012\\015\\012 \\015\\012\\015\\012kompetensi pendukung :\\015\\012\\015\\012b6.   mengerti sains dasar lainnya\\015\\012\\015\\012b7.   mampu memanfaatkan teknologi komputer dan teknologi informasi\\015\\012\\015\\012b8.   dapat berkomunikasi secara lisan dan tulisan\\015\\012\\015\\012b9.   memiliki kemampuan berbahasa indonesia maupun inggris\\015\\012\\015\\012b10. bermoral, beretika, adaptif, mandiri, teamwork, kooperatif, leadership','','47201','001010  ',1561),(1573,'Aktif','11 Juli 1996 ','6616/D/T/K-N/2011                       ','2011-04-26','1 : 15.6','-','','0511-3305116','0511-3305116','manajemenfeunlam@yahoo.co.id          ','fe.unlam.ac.id','','',' ',' ',' ','','61201','001010  ',1562),(1574,'Aktif','18 Mei 1999 ','5175/D/T/K-N/2011                       ','2011-01-11','1 : 5.5','-','','05114772122  ','05114772124','rahmantrk@gmail.com','faperikan.unlam.ac.id/web','','',' ',' ',' ','','54242','001010  ',1563),(1575,'Aktif','25 Agustus 2000 ','5169/D/T/K-N/2011                       ','2011-01-11','1 : 12.1','-','','05114774167         ',' 0511-4782899','fmipa-unlam@plasa.com                   ','fmipa.unlam.ac.id','','','program studi matematika sebagai pusat kajian matematika dan terapannya untuk mendukung pengembangan iptekdalam upaya pemberdayaan masyarakat.','menyiapkan sdm yang memiliki keahlian dalam bidang matematika dan terapannya yang mempunyai keahlian berpikir dan analisis yang kuat yang didukung keterampilan dan kemampuan yang baik dibidang komputer.memperdalam keahlian dan keterampilan bagi civitasacademicauntuk melayani pengembangan bidang ilmu lainnya.membangun kerjasama dengan pihak/instansi yang terkait baik swasta maupun pemerintah.',' ','','44201','001010  ',1564),(1576,'Aktif','11 Juli 1996 ','5177/D/T/K-N/2011                       ','2011-01-11','1 : 5.7','-','','05114772124   ','05114772124','pspunlam@yahoo.co.id            ','faperikan.ac.id','','','Menjadi program\nstudi yang terkemuka dan unggul dalam bidang eksplorasi, eksploitasi dan\nmanajemen perikanan tangkap di tingkat\nregional kalimantan dan nasional\n\n','a. melaksanakan\npendidikan s1 untuk menghasilkan sarjana perikanan yang bermutu tinggi dan menghasilkan lulusan\nyang profesional dan berorentasi kedepan sesuai dengan perkembangan ilmu dan teknologi.\nb. melaksanakan\npendidikan, penelitian dan pengabdian kepada masyarakat secara efektif yang\nberorientasi pada bidang eksplorasi, eksploitasi dan manajemen perikanan\ntangkap di perairan umum daratan maupun perairan laut\n',' ','','54246','001010  ',1565),(1577,'Aktif','11 Juli 1996 ','10119/D/T/K-N/2012                      ','2012-01-16','1 : 28.1','-','','05113306181         ','','pbsid@yahoo.co.id                       ','','','','','','','','88201','001010  ',1566),(1578,'Aktif','11 Juli 1996 ','10120/D/T/K-N/2012                      ','2012-01-16','1 : 30.2','-','','05113304914         ',' ','fkip@unlam.net                          ',' ','','','Terbentuknya pusat pendidikan guru bahasa inggris yang berkualitas untuk\n mendidik dan melatih calon guru dan guru bahasa inggris yang \nprofesional, bertaqwa kepada tuhan yang maha esa, berkepribadian dan \nbermoral pancasila, memiliki komitmen terhadap efisiensi, mampu berpikir\n analitis, kritis dan tanggap terhadap fenomena dan masalah pengajaran \nbahasa inggris serta memiliki jiwa pendidik yang tangguh, serta turut \naktif dalam meningkatkan perkembangan pendidikan khususnya dalam bidang \npengajaran bahasa inggris di indonesiakhususnya di kalimantan selatan, \ndan mendukung wajib belajar 9 tahun dan program unggulan di universitas \nlambung mangkurat banjarmasin kalimantan selatan.','Menghasilkan lulusan yang memiliki kompetensi sebagai guru bahasa \ninggris yang memiliki komitmen terhadap efisiensi, mampu berpikir secara\n analitis, kritis dan tanggap terhadap fenomena dan masalah pengajaran \nbahasa inggris, serta turut aktif dalam meningkatkan kualitas guru \nbahasa inggris dan sumber daya manusia lainnya dalam bidang bahasa \ninggris, khususnya di daerah kalimantan selatan.tujuan program studi pendidikan bahasa inggris adalah\nmenghasilkan calon guru bahasa inggris yang menguasai materi untuk \nmengantisapasi kebutuhanan guru bahasa inggris di sltp, smu/smk atau sd.menghasilkan calon guru yang trampil dalam proses pembelajaran.menghasilkan sarjana pendidikan bahasa inggris yang mampu dan \nterampil dalam melaksanakan penelitian untuk kepentingan pembelajaran, \npembangunan dan pengembangan ilmu serta mempunyai kemampuan untuk \nbekerja di luar bidang keguruan.',' ','','88203','001010  ',1567),(1579,'Aktif','11 Juli 1996 ','6761/D/T/K-N/2011                       ','2011-04-27','1 : 25.6','-','','05113306488         ','','psbiologi@yahoo.com                     ','','','','','','','','84205','001010  ',1568),(1580,'Aktif','6 September 1989 ','6609/D/T/K-N/2011                       ','2011-04-25','1 : 5','-','','0511-7554729        ','0511-4772745','christantiandreani@yahoo.co.id          ','fk.unlam.ac.id','','','Prodi pendidikan dokter fk unlam akan menjadi prodi yang unggul dalam penyelenggaraaantri dharma perguruan tinggi untuk menghasilkan lulusan dokter yang berkompeten, sertamemiliki kemandirian dalam pengembangan ilmu pengetahuan dan teknologi','menyelenggarakan dan memantapkan penyelenggaraan pendidikan kedokteran dan kesehatan yang menghasilkan sdm berkualitas sebagai pendukung pembangunan nasionalmenyelenggarakan penelitian yang menghasilkan iptek kedokteran dan kesehatan sesuai dengan kebutuhan prioritas pembangunan nasional.menyelenggarakan pengabdian kepada masyarakat dan menyebarluaskan iptek kedokteran dan kesehatan untuk meningkatkan kualitas hidup masyarakat.memantapkan kerjasama dengan pemerintah daerah di wilayah kalimantan, perguruan tinggi dalam dan luar negeri, pengusaha dan para pihak lainnya untuk peningkatan pelaksanaan tridharma perguruan tinggi dan penggalian sumber dana (income generating).meningkatkan transparansi dan akuntabilitas dalam manajemen pengelolaan program studi pendidikan dokter.',' ','','11201','001010  ',1569),(1581,'Aktif','1 Januari 2009 ','215/E/O/2014                    ','2014-04-04','1 : 3','-',' ','0511 - 3255444    ','0511 - 3255444','christantiandreani@yahoo.co.id          ','fk.unlam.ac.id','','',' ',' ',' ','','12201','001010  ',1570),(1582,'Aktif','11 Juli 1996 ','10118/D/T/K-N/2012                      ','2012-01-16','1 : 23.4',' ','','-                   ',' ','ips@banjarmasin.wasantara.net.id        ',' ','','',' ',' ',' ','','87203','001010  ',1571),(1583,'Aktif','17 Maret 2006 ','11709/D/T/K-N/2012                      ','2012-04-28','1 : 2.7','-','','0511-3304914        ','','pendfisikaunlam@yahoo.com               ','','','','','','','','84203','001010  ',1572),(1584,'Aktif','1 September 2006 ','4086/D/T/K-N/2009                       ','2009-12-22','1 : 28.9','-','','0511-3304914     ','0511-3304914',' ','http//fkip.unlam.ac.id','','','Menjadikan program studi pendidikan geografi sebagai program studi unggulan yang\ndapat mengeluarkan (output) calon tenaga pendidik yang berkualitas profesional\nserta mumpuni dalam bidang pendidikan geografi.\n\n','menyelenggarakan pendidikan dan\n     pengajaran\n     untuk menghasilkan guru geografi yang memiliki pengetahuan dan kecakapan\n     dalam melaksanakan tugas-tugas kependidikan.menyelenggarakan dalam bidang kependidikan dan geografi dalam rangka\n     peningkatan kualitas pembelajaran dan ilmu serta hasil kerja.menyelenggarakan pengabdian\n     pada masyarakat\n     di bidang pendidikan dan\n     geografi sebagai\n     wujud pengembangan ilmu dan tekonologi serta seni.mengembangkan sikap responsif\n     dan kecakapan bagi tenaga dosen dan mahasiswa dalam melaksanakan\n     pembaharuan dalam bidang kependidikan dan pengajaran geografi.menggali\n     potensi daerah provinsi kalimantan selatan dan sekitarnya sebagai sumber\n     pengembangan materi pembelajaran geografi baik di kampus maupun diluar\n     kampus.\n\n6. menjalin kerjasama dengan instansi terkait dalam\nupaya meningkatkan kualitas pendidikan geografi.',' ','','87202','001010  ',1573),(1585,'Aktif','14 Juli 2009 ','13138/D/T/K-N/2012                      ','2012-10-03','1 : 52.1','-','',' ','',' ','','','','','','','','86207','001010  ',1574),(1586,'Aktif','1 September 2006 ','2894/D/T/K-N/2010                       ','2010-07-08','1 : 51.1','JL. Hasan Basyri, Kayutangi, Kampus Unlam Banjarmasin','70234','0511-3306694        ',' ','pgsd@unlam.ac.id','http://pgsd.unlam.ac.id','','',' ',' ',' ','','86206','001010  ',1575),(1587,'Aktif','19 Mei 2014 ','445/E.E2/DT/2014','2014-05-19','','Jalan Brigjen H Hasan Basri','70123','','','','','','','','','','','83207     ','001010  ',1576),(1588,'Aktif','19 Mei 2014 ','455/E.E2/DT/2014','2014-05-19','','Jalan Brigjen H Hasan Basri','70123','','','','','','','','','','','84206     ','001010  ',1577),(1589,'Aktif','19 Mei 2014 ','445/E.E2/DT/2014','2014-05-19','','Jalan Brigjen H Hasan Basri','70123','','','','','','','','','','','84207     ','001010  ',1578),(1590,'Aktif','11 Juli 1996 ','10116/D/T/K-N/2012                      ','2012-01-16','1 : 25.1','-','','0511-4785955        ','',' ','','','','','','','','85201','001010  ',1579),(1591,'Aktif','11 Juli 1996 ','6624/D/T/K-N/2011                       ','2011-04-26','1 : 16.5','-','','(0511) 3304914      ','(0511) 3304914     ','info@pendkimia-fkipunlam.net            ','http//fkip.unlam.ac.id','','','Visi program studi pendidikan kimia fkip unlam 2014adalah:\n\nmenjadilembagapendidikan yang menciptakaninsanakademik yang\nprofesionaldalambidangpendidikankimia yang\nberwawasanilmupengetahuandanteknologidilandasikeimanandanketakwaankepadatuhan\nyang mahaesa.','Misiprogram studi pendidikan kimia periode 2010-2014sebagaiberikut: \n\nmenyelenggarakanpendidikandanpengajaranuntukmenghasilkan guru\n     kimia yang memilikikompetensidalammelaksanakantugas-tugaskependidikan.menyelenggarakan penelitian bidang\n     pendidikan kimia yang relevan dengan kebutuhan pengembangan ilmu\n     pengetahuan dan teknologi.menyelenggarakan pengabdian pada\n     masyarakat di bidang pendidikan kimia sebagai wujud penerapan pengembangan\n     keilmuan.mengembangkan sikap responsif dan\n     inovatif tenaga dosen dan mahasiswa untuk melakukan pembaharuan dalam\n     bidang pendidikan kimia.menggalipotensidaerahprovinsi kalimantan selatan\n     (lingkunganlahanbasah) sebagaisumberpengembangankurikulum. \n\nmengembangkankerjasamadenganpemerintah,\nlembagapendidikan, danmasyarakat.',' ','','84204','001010  ',1580),(1592,'Aktif','5 Oktober 2009 ','1771/D/T/2009                           ','2009-10-05','1 : 0.3','-','','(0511) 3304914 ','(0511) 3304914 ',' ',' ','','','menjadi program studi\npendidikan luar biasa fakultas keguruan dan ilmu pendidikan universitas lambung\nmangkurat banjarmasin sebuah lembaga pendidikan dan tenaga kependidikan yang\nberkualitas, unggul, professional dan terkemuka di regional wilayah indonesia\ntimur.\n\n','\n\n1. menyelenggarakan\npendidikan dan pengajaran yang berkualitas untuk menghasilkan tenaga\nkependidikan yang profesional di bidang pendidikan luar biasa.\n2. menyeleggarakan\npenelitian dan pengembangan keilmuan yang berkualitas di bidang pendidikan luar\nbiasa.\n3. melaksanakan\npengabdian kepada masyarakat di bidang pendidikan luar biasa.\n4. mewujudkan\ntata kelola kelembagaan jurusan/program studi pendidikan luar biasa yang\nprofesional, transparan dan akuntabel.\n','\n','','86202','001010  ',1581),(1593,'Aktif','11 Juli 1996 ','6622/D/T/K-N/2011                       ','2011-04-26','1 : 22.2','-','','05113304914         ','',' ','','','','','','','','84202','001010  ',1582),(1594,'Aktif','11 Juli 1996 ','84/DIKTI/KEP/2007                       ','2007-04-02','1 : 19.5','-','','0511-3304914        ','',' ','','','','','','','','87205','001010  ',1583),(1595,'Aktif','11 Mei 1960 ','9413/D/T/K-N/2011                       ','2011-10-31','1 : 18.3','-','','0511-3304914        ','(0511) 3305547','pspsejarah@gmail.com','http://sejarah.fkipunlam.ac.id','','','Menjadikan psp sejarah fkip unlam sebagai program studi yang berkualitas\n dan mampu menghasilkan tenaga kependidikan yang bertakwa, mempunyai \nkompetisi akademik tinggi, professional, inovatif, serta adaptif \nterhadap perkembangan dunia pendidikan atau pembangunan umumnya.','menyelenggarakan pendidikan dan pengajaran yang dilandasi oleh professionalitas, etika akademik, ilmu pengetahuan dan teknologi.menyelenggarakan penelitian untuk inovasi pendidikan sehingga \nmenghasilkan temuan-temuan guna pembaruan pendidikan dan pengajaran \ndisekolah.menyelenggarakan pengabdian masyarakat yang diselaraskan dengan tuntutan dunia kerja.membina dan mengembangkan kehidupan akademik, sosial budaya dan kerohanian.menyelenggarakan kerjasama dengan perguruan tinggi lain, instansi sebagai manifestasi upaya pengembangan.',' ','','87201','001010  ',1584),(1596,'Aktif','5 Oktober 2009 ','1771/D/T/2009                           ','2009-10-05','1 : 0.5','-','',' ','',' ','','','','','','','','88209','001010  ',1585),(1597,'Aktif','7 Juni 2006 ','1074/D/T/K-N/2009                       ','2009-02-23','1 : 39.9','-','','(0511) 3307566   ','(0511) 3307566','sosantro_unlam@yahoo.com                ',' ','','','Menjadilembagapendidikan\nyang ungguldalampengembanganmasyarakatdankebudayaansungai di\ndalampenyelenggaraanpendidikan, penelitiandanpengabdianmasyarakat di\nbidangpendidikansosiologi yang profesional, kompetitif, dinamisdanberkarakter.\n\n\n','1.\nmenyelenggarakan\npendidikan tenaga akademik dan profesional dalam bidang pendidikan sosiologi yang\nlulusannya menjadi tenaga kependidikan pada jenjang pendidikan smp/mts, sma/ma dan smk sesuai kebutuhan pengembangan\npendidikan dan pembangunan\n2. menyelenggarakan penelitian danpengabdiankepadamasyarakatsesuai dengan kebutuhan\npengembangan\npendidikan dan pembangunan\n\n3. \nmeningkatkankualitashidupbermasyarakatdengansenantiasamengkajidanmemberikansolusiterhadapproblemakemasyarakatandankebudayaan.\n\n\n\n4. \nmelakukan\nkerjasama dalam bidang pendidikan, pelatihan, penelitian dan pengabdian kepada\nmasyarakat dengan ptn/pts yang lain serta dengan institusi-institusi pemerintah\ndan lembaga-lembaga kemasyarakatan lainnya.\n\n\n\n5. \nmemberikan\npengetahuan dan ketrampilan teknologi informasi terutamayang relevan dengan pendidikan sosiologi sehingga setiap\nlulusanmampu memanfaatkan teknologi informasi\n\n',' ','','87204','001010  ',1586),(1598,'Aktif','7 September 2000 ','5174/D/T/K-N/2011                       ','2011-01-11','1 : 6.8','-','','0511-4781551        ',' ','animproduction_unlam@yahoo.com          ','faperta.unlam.ac.id','','',' ',' ',' ','','54231','001010  ',1587),(1599,'Aktif','1 Januari 2006 ','144/E/O/2011                            ','2011-07-08','','-','','0511-3306694        ','',' ','','','','','','','','86209','001010  ',1588),(1600,'Aktif','19 Mei 2008 ','2895/D/T/K-N/2010                       ','2010-07-08','1 : 18.2','-','','0511-7554729        ','','christantiandreani@yahoo.com            ','','','','','','','','73201','001010  ',1589),(1601,'Hapus','16 Februari 2009 ','015/P/2009                              ','2009-02-16','','-','','','','','','','','','','','','88271','001010  ',1590),(1602,'Hapus','16 Februari 2009 ','015/P/2009                              ','2009-02-16','','-','','','','','','','','','','','','88273','001010  ',1591),(1603,'Hapus','16 Februari 2009 ','015/P/2009                              ','2009-02-16','','-','','','','','','','','','','','','84275','001010  ',1592),(1604,'Hapus','16 Februari 2009 ','015/P/2009                              ','2009-02-16','','-','','','','','','','','','','','','87273','001010  ',1593),(1605,'Hapus','16 Februari 2009 ','015/P/2009                              ','2009-02-16','','-','','','','','','','','','','','','84273','001010  ',1594),(1606,'Hapus','16 Februari 2009 ','015/P/2009                              ','2009-02-16','','-','','','','','','','','','','','','86276','001010  ',1595),(1607,'Hapus','16 Februari 2009 ','015/P/2009                              ','2009-02-16','','-','','','','','','','','','','','','84274','001010  ',1596),(1608,'Hapus','16 Februari 2009 ','015/P/2009                              ','2009-02-16','','-','','','','','','','','','','','','84272','001010  ',1597),(1609,'Hapus','16 Februari 2009 ','015/P/2009                              ','2009-02-16','','-','','','','','','','','','','','','87275','001010  ',1598),(1610,'Hapus','16 Februari 2009 ','015/P/2009                              ','2009-02-16','','-','','','','','','','','','','','','87271','001010  ',1599),(1611,'Aktif','19 Mei 2014 ','445/E.E2/DT/2014','2014-05-19','','Jalan Brigjen H Hasan Basri ','70123','','','','','','','','','','','69201     ','001010  ',1600),(1612,'Aktif','17 Oktober 2014 ','541/E/O/2014','2014-10-17','',' ',' ','','','','','','','','','','','55201     ','001010  ',1601),(1613,'Aktif','21 September 2004 ','9415/D/T/K-N/2011                       ','2011-10-31','1 : 7.1','-','','(0511)7404878','(0511)4772646 ','chemeng_ftunlam@yahoo.com               ',' ','','','sebagai pusat pendidikan keteknik-kimiaan di kawasan\ntimur indonesia khususnya kalimantan (2005-2015) yang berbasis sumber daya alam\nlocal yang dapat mengkombinasikan kemampuan professional ilmu pengetahuan dan\nteknologi dalam rangka menghadapi era kompetisi global. \n\n','1. menyelenggarakan pendidikan dan\npengajaran yang berorientasi pada ilmu keteknikkimian2. menjadikan potensi alam local\nsebagai basis kajian dalam kegiatan penelitian dan pengabdian    kepada masyarakat\ndalam pengembangan industry yang unggul, lestari dan berkelanjutan3. menjalin kerjasama dengan\nberbagai pihak secara professional untuk meningkatkan tridharma perguruan\ntinggi\n',' ','','24201','001010  ',1602),(1614,'Aktif','23 Agustus 2006 ','4084/D/T/K-N/2009                       ','2009-12-22','1 : 18.1','-','','0511-6358181        ',' ','tekling.unlam@gmail.com                 ','ft.unlam.ac.id','','',' ',' ',' ','','25201','001010  ',1603),(1615,'Aktif','19 Oktober 2006 ','4083/D/T/K-N/2009                       ','2009-12-22','1 : 14.8','-','','05114772646    ','05114772646','mastiadit@yahoo.com                     ',' ','','',' ',' ',' ','','21201','001010  ',1604),(1616,'Aktif','21 September 2004 ','9416/D/T/K-N/2011                       ','2011-10-31','1 : 48.1','-','',' ',' ','mining.unlam@telkom.net                 ','ft.unlam.ac.id','','',' ',' ',' ','','31201','001010  ',1605),(1617,'Aktif','1 Juli 1996 ','10114/D/T/K-N/2012                      ','2012-01-16','1 : 4.1','-','','0511-3303802  ','0511-3303802',' ',' ','','',' ',' ',' ','','22201','001010  ',1606),(1618,'Aktif','11 Juli 1996 ','12418/D/T/K-N/2012                      ','2012-06-20','1 : 3.4','-','','0511-4772124','0511-4772124',' ',' ','','','menjadi\nprogram studi thp sebagai pusat\npendidikan, penelitian dan pengabdian pada masyarakat serta sebagai pusat\ninformasi teknologi hasil perikanan terkemuka ditingkat regional dan nasional\nsampai tahun 2014.\n','1. menyelenggarakan\npendidikan yang menghasilkan sumber daya manusia berkualitas, dan profesional di bidang teknologi\npengolahan hasil perikanan dan kelautan.\n2.\nmelaksanakan penelitian untuk menghasilkan ipteks guna menunjang\npembangunan di bidang teknologi hasil perikanan dan kelautan.\n3.\nmelaksanakan pengabdian kepada masyarakat di bidang\nteknologi hasil perikanan yang selaras dengan prioritas pembangunan perikanan\ndan kelautan.\n\n\n\n\n',' ','','54244','001010  ',1607),(1619,'Aktif','29 Januari 2007 ','3108/D/T/K-N/2009                       ','2009-08-11','1 : 8.2','-','','(0511) 4772254','(0511) 4772254','faperta_unlam@yahoo.com      ','http://faperta.unlam.ac.id/','','','menjadi institusi pendidikan\ntinggi yang menghasilkan sumber daya manusia (sdm) berkualitas di bidang\nagroindustri dan berorientasi pada pembangunan yang berkelanjutan (2010-2020).','Pengembangan\npendidikan, penelitian dan pengabdian kepada masyarakat dalam bidang\nagroindustri berdasarkan kearifan lokal yaitu :\n\n1.\nmenyelenggarakan\npendidikan tinggi yang berkualitas dengan didukung peningkatan sarana dan\nprasarana pendidikan\n\n2.\nmenciptakan\nhubungan yang kuat dengan stakeholder dari skala penelitian dan penerapannya\nuntuk mendukung pengembangan agroindustri \n\n3.\nmelaksanakan\nkegiatan pengabdian kepada masyarakat untuk meningkatkan kualitas hidup\nmasyarakat melalui pengembangan agroindustri.\n\n',' ','','41211','001010  ',1608),(1620,'Aktif','19 Mei 2014 ','445/E.E2/DT/2014','2014-05-19','','Jalan Brigjen H Hasan Basri ','70123','','','','','','','','','','','86203     ','001010  ',1609),(1621,'Aktif','17 April 2006 ','3234/D/T/K-N/2010                       ','2010-08-03','1 : 11.8','-','','0511-3301590        ','','ppak_feunlam@yahoo.co.id                ','','','','','','','','62901','001010  ',1610),(1622,'Aktif','11 Juli 1996 ','84/DIKTI/KEP/2007                       ','2007-04-02','1 : 1','-','','0511-7554729        ','','christantiandreani@yahoo.co.id          ','','','','','','','','11901','001010  ',1611),(1623,'Aktif','4 Juli 2014 ','215/E/O/2014','2014-07-04','',' ',' ','','','','','','','','','','','12901     ','001010  ',1612),(1624,'Aktif','17 April 2012 ','115/E/O/2012                            ','2012-04-17','','-','','( 0511 ) 4772745','(0511) 4772745','ners.psik.unlam@gmail.com','www.fkunlam.ac.id','','','Psik fk unlam akan menjadi program studi\nyang unggul dan\n\n terdepan dalam penyelenggaraan tri dharma\nperguruan tinggi\n\n untuk menghasilkan lulusan yang bermoral,\nberwawasan dan\n\n berkemampuan iptek keperawatan. memiliki\nkemandirian\n\n dalam pengembangan ilmu pengetahuan dan\nteknologi\n\n keperawatan yang berorientasi pada kebutuhan\npembangunan.','\n\nmengembangkan penyelenggaraan\npendidikan keperawatan dengan standar nasional yang menghasilkan\nsdm berkualitassebagai pendukung pembangunan nasional\ndidukung oleh stafprofessional.\n\n   menyelenggarakan penelitian yang\nmenghasilkan iptek keperawatan sesuai dengan kebutuhan\nprioritas pembangunannasional.\n\n  menyelenggarakan pengabdian masyarakat dan menyebarluaskan iptek keperawatan untuk\nmeningkatkan kualitas hidup masyarakat.','Ukni','','14901','001010  ',1613),(1625,'Aktif','1 Januari 1960 ','2914/D/T/K-N/2010                       ','2010-07-12','1 : 43.7','-','','0511-3305116-107   ','(0511)3305116','fe-unlam@indo.net.id                       ','fe.unlam.ac.id','','',' ',' ',' ','','62401','001010  ',1614),(1626,'Aktif','18 Oktober 2013 ','487/E/O/2013','2013-10-18','',' ',' ','','','','','','','','','','','48404     ','001010  ',1615),(1627,'Aktif','8 April 2008 ','2974/D/T/K-N/2010                       ','2010-07-13','1 : 16.7','-','','(0511)3301646      ','(0511)3301646','d3perpajakanunlam@yahoo.co.id                 ','fe_unlam.ac.id','','',' ',' ',' ','','63421','001010  ',1616);
/*!40000 ALTER TABLE `tmst_prodi_profil` ENABLE KEYS */;
UNLOCK TABLES;

--
-- Table structure for table `tmst_pt`
--

DROP TABLE IF EXISTS `tmst_pt`;
/*!40101 SET @saved_cs_client     = @@character_set_client */;
/*!40101 SET character_set_client = utf8 */;
CREATE TABLE `tmst_pt` (
  `id` int(11) unsigned NOT NULL DEFAULT '0',
  `kode_pt` varchar(100) DEFAULT NULL,
  `nama_pt` varchar(255) DEFAULT NULL,
  `propinsi` varchar(255) DEFAULT NULL,
  `kategori` varchar(100) DEFAULT NULL,
  `status` varchar(100) DEFAULT NULL,
  `dosen_tetap` varchar(100) DEFAULT NULL,
  `mahasiswa` varchar(100) DEFAULT NULL,
  PRIMARY KEY (`id`),
  KEY `kode_pt` (`kode_pt`),
  KEY `nama_pt` (`nama_pt`),
  KEY `propinsi` (`propinsi`)
) ENGINE=InnoDB DEFAULT CHARSET=latin1;
/*!40101 SET character_set_client = @saved_cs_client */;

--
-- Dumping data for table `tmst_pt`
--

LOCK TABLES `tmst_pt` WRITE;
/*!40000 ALTER TABLE `tmst_pt` DISABLE KEYS */;
INSERT INTO `tmst_pt` VALUES (11,'001010','Universitas Lambung Mangkurat','Prop. Kalimantan Selatan      ','Negeri','Aktif','1.080','14.289');
/*!40000 ALTER TABLE `tmst_pt` ENABLE KEYS */;
UNLOCK TABLES;

--
-- Table structure for table `tmst_pt_profil`
--

DROP TABLE IF EXISTS `tmst_pt_profil`;
/*!40101 SET @saved_cs_client     = @@character_set_client */;
/*!40101 SET character_set_client = utf8 */;
CREATE TABLE `tmst_pt_profil` (
  `id` int(11) unsigned NOT NULL DEFAULT '0',
  `kode_pt` varchar(100) DEFAULT NULL,
  `status` varchar(100) DEFAULT NULL,
  `tanggal_berdiri` varchar(100) DEFAULT NULL,
  `nomor_sk` varchar(100) DEFAULT NULL,
  `tanggal_sk` varchar(100) DEFAULT NULL,
  `alamat` varchar(512) DEFAULT NULL,
  `kotakab` varchar(255) DEFAULT NULL,
  `kode_pos` varchar(100) DEFAULT NULL,
  `telepon` varchar(100) DEFAULT NULL,
  `fax` varchar(100) DEFAULT NULL,
  `email` varchar(100) DEFAULT NULL,
  `website` varchar(100) DEFAULT NULL,
  PRIMARY KEY (`id`),
  KEY `kode_pt` (`kode_pt`)
) ENGINE=InnoDB DEFAULT CHARSET=latin1;
/*!40101 SET character_set_client = @saved_cs_client */;

--
-- Dumping data for table `tmst_pt_profil`
--

LOCK TABLES `tmst_pt_profil` WRITE;
/*!40000 ALTER TABLE `tmst_pt_profil` DISABLE KEYS */;
INSERT INTO `tmst_pt_profil` VALUES (10,'001010','Aktif','1 Januari 1960 ','PP.NO.41 TAHUN 1960','1 September 1960 ','Jalan Brigjen H Hasan Basri ','Kota Banjarmasin - Prop. Kalimantan Selatan - Indonesia','70123','0511306694','0511306694','info@unlam.ac.id','unlam.ac.id');
/*!40000 ALTER TABLE `tmst_pt_profil` ENABLE KEYS */;
UNLOCK TABLES;
/*!40103 SET TIME_ZONE=@OLD_TIME_ZONE */;

/*!40101 SET SQL_MODE=@OLD_SQL_MODE */;
/*!40014 SET FOREIGN_KEY_CHECKS=@OLD_FOREIGN_KEY_CHECKS */;
/*!40014 SET UNIQUE_CHECKS=@OLD_UNIQUE_CHECKS */;
/*!40101 SET CHARACTER_SET_CLIENT=@OLD_CHARACTER_SET_CLIENT */;
/*!40101 SET CHARACTER_SET_RESULTS=@OLD_CHARACTER_SET_RESULTS */;
/*!40101 SET COLLATION_CONNECTION=@OLD_COLLATION_CONNECTION */;
/*!40111 SET SQL_NOTES=@OLD_SQL_NOTES */;

-- Dump completed on 2015-12-11  9:20:46
